date,day_name,day_of_week,is_weekend,location_label,dublin_daily_avg_pm25,pm25_count,pm25_min,pm25_max,maxtp,mintp,rain,wdsp,hm,hg,sun,g_rad,pe,evap,mean_daily_site_volume,median_daily_site_volume,total_daily_site_volume,n_sites
2021-05-06,Thursday,3,0,north,8.427492957746479,71,3.963,17.017,12.0,-1.7,0.1,9.9,18,26,12.1,2489,2.8,4.4,16539.63076923077,15709.0,3225228,195
2021-05-06,Thursday,3,0,south,4.870181146770512,7447,0.702,107.655,12.0,-1.7,0.1,9.9,18,26,12.1,2489,2.8,4.4,13485.90476190476,14266.0,1982428,147
2021-05-07,Friday,4,0,north,7.30480172413793,6264,1.023,142.365,11.1,0.6,0.0,8.5,15,21,11.3,2394,2.7,4.1,17299.764102564102,16766.0,3373454,195
2021-05-07,Friday,4,0,south,8.514771613832853,6940,1.356,289.73,11.1,0.6,0.0,8.5,15,21,11.3,2394,2.7,4.1,14254.727891156464,15226.0,2095445,147
2021-05-10,Monday,0,0,south,4.443266922094509,1566,0.195,101.522,15.3,8.0,3.6,10.8,19,27,2.6,1312,2.4,3.5,13311.061643835616,14123.0,1943415,146
2021-05-11,Tuesday,1,0,north,10.478878612716764,173,4.195,21.602,14.1,2.6,0.0,9.9,15,23,13.0,2716,2.9,4.7,16743.266666666666,16172.0,3264937,195
2021-05-11,Tuesday,1,0,south,9.844637764242206,2791,3.73,69.97,14.1,2.6,0.0,9.9,15,23,13.0,2716,2.9,4.7,13689.727891156464,14637.0,2012390,147
2021-05-12,Wednesday,2,0,south,5.86384,650,0.596,31.54,12.3,0.3,1.4,4.8,9,16,3.2,1620,1.9,2.8,13981.294520547945,14743.0,2041269,146
2021-05-13,Thursday,3,0,south,7.057950503355704,4768,0.958,35.333,14.2,1.9,0.0,4.6,8,11,9.1,2068,2.5,3.5,14374.006849315068,15091.5,2098605,146
2021-05-14,Friday,4,0,north,9.653981481481482,54,4.757,14.525,14.2,2.6,0.0,6.5,12,18,5.3,1872,2.3,3.4,17692.220512820513,16711.0,3449983,195
2021-05-14,Friday,4,0,south,9.739903944716383,17365,1.91,102.269,14.2,2.6,0.0,6.5,12,18,5.3,1872,2.3,3.4,14862.054794520547,15411.5,2169860,146
2021-05-17,Monday,0,0,north,3.702897393850659,17075,0.249,91.487,14.8,4.5,0.7,8.2,15,19,6.9,1769,2.5,3.6,16462.805128205127,15499.0,3210247,195
2021-05-17,Monday,0,0,south,4.964750080411708,3109,0.658,47.627,14.8,4.5,0.7,8.2,15,19,6.9,1769,2.5,3.6,13541.993150684932,14386.5,1977131,146
2021-05-18,Tuesday,1,0,north,5.877084898755793,16396,0.327,129.263,14.0,6.0,2.7,5.9,13,19,8.1,1822,2.4,3.5,16763.276923076923,15893.0,3268839,195
2021-05-18,Tuesday,1,0,south,8.861578231292517,294,2.694,34.373,14.0,6.0,2.7,5.9,13,19,8.1,1822,2.4,3.5,13985.643835616438,14712.5,2041904,146
2021-05-19,Wednesday,2,0,north,6.831226171875,20480,0.44,341.009,16.5,4.7,0.1,7.0,13,18,10.4,2371,3.3,4.7,16994.604060913705,15966.0,3347937,197
2021-05-19,Wednesday,2,0,south,8.979587412587412,572,2.719,49.91,16.5,4.7,0.1,7.0,13,18,10.4,2371,3.3,4.7,14327.390410958904,15240.0,2091799,146
2021-05-24,Monday,0,0,north,8.170560711758164,9891,0.349,172.693,14.5,1.3,0.3,11.1,20,28,11.1,2518,3.0,4.8,16292.015228426397,15415.0,3209527,197
2021-05-24,Monday,0,0,south,7.227282678983834,2165,0.637,165.966,14.5,1.3,0.3,11.1,20,28,11.1,2518,3.0,4.8,13655.424657534246,14578.5,1993692,146
2021-05-25,Tuesday,1,0,north,8.161417512841954,8371,1.814,113.704,14.5,5.2,5.1,9.0,16,22,5.7,1550,2.3,3.4,16612.167512690354,15765.0,3272597,197
2021-05-26,Wednesday,2,0,north,9.46364984433885,6103,1.409,161.337,16.1,4.7,0.0,6.1,10,13,7.8,2034,2.8,4.0,16879.406091370558,16121.0,3325243,197
2021-05-26,Wednesday,2,0,south,7.505421052631578,1653,1.293,44.571,16.1,4.7,0.0,6.1,10,13,7.8,2034,2.8,4.0,14136.795918367348,15007.0,2078109,147
2021-05-27,Thursday,3,0,north,10.16980657545034,10159,1.358,319.053,15.9,7.6,3.2,7.1,13,21,7.7,1900,2.9,4.1,17285.928934010153,16382.0,3405328,197
2021-05-27,Thursday,3,0,south,10.853324314827828,2846,0.705,245.319,15.9,7.6,3.2,7.1,13,21,7.7,1900,2.9,4.1,14620.945578231293,14932.0,2149279,147
2021-05-31,Monday,0,0,south,10.105560222672064,5928,0.071,226.496,19.7,5.7,0.0,7.4,15,23,13.9,2888,3.9,5.7,14302.081632653062,15002.0,2102406,147
2021-06-01,Tuesday,1,0,south,17.248193414417088,3371,4.844,113.716,19.6,9.8,0.0,6.5,12,15,11.9,2603,3.7,5.3,14570.714285714286,15477.0,2141895,147
2021-06-02,Wednesday,2,0,north,19.092716594157864,3218,8.982,76.291,17.9,9.7,0.0,6.4,11,15,3.4,1314,2.2,3.1,17127.243654822334,16104.0,3374067,197
2021-06-02,Wednesday,2,0,south,18.029154185022023,4086,8.347,39.085,17.9,9.7,0.0,6.4,11,15,3.4,1314,2.2,3.1,14551.945578231293,15445.0,2139136,147
2021-06-03,Thursday,3,0,north,10.514650632911392,395,1.27,47.938,19.1,9.5,0.0,9.0,15,24,11.3,2629,3.8,5.6,17570.969543147206,16544.0,3461481,197
2021-06-03,Thursday,3,0,south,5.5362162027833,2012,0.836,88.931,19.1,9.5,0.0,9.0,15,24,11.3,2629,3.8,5.6,15051.204081632652,15653.0,2212527,147
2021-06-04,Friday,4,0,north,7.297549420209829,1811,0.712,53.182,18.9,9.1,0.0,7.5,13,19,7.3,1948,3.4,4.7,17677.38578680203,16691.0,3482445,197
2021-06-04,Friday,4,0,south,5.431722284019281,2697,0.916,184.082,18.9,9.1,0.0,7.5,13,19,7.3,1948,3.4,4.7,15282.734693877552,15755.0,2246562,147
2021-06-08,Tuesday,1,0,south,3.727305458272829,23414,0.181,110.489,19.2,11.6,0.0,8.5,14,25,1.7,1638,2.9,4.1,14082.190476190475,15056.0,2070082,147
2021-06-09,Wednesday,2,0,north,4.487589484864578,1883,0.556,21.207,21.3,13.6,0.0,8.0,14,24,3.6,1549,2.8,3.9,17214.172588832487,16082.0,3391192,197
2021-06-09,Wednesday,2,0,south,3.741536868961479,23909,0.071,372.056,21.3,13.6,0.0,8.0,14,24,3.6,1549,2.8,3.9,14901.727891156464,15339.0,2190554,147
2021-06-10,Thursday,3,0,north,3.223037037037037,702,0.601,29.039,21.6,13.9,0.0,10.3,18,27,5.4,1923,3.3,4.7,17728.730964467006,17265.0,3492560,197
2021-06-10,Thursday,3,0,south,2.5849596552776086,26224,0.416,307.027,21.6,13.9,0.0,10.3,18,27,5.4,1923,3.3,4.7,15461.986301369863,15666.0,2257450,146
2021-06-11,Friday,4,0,north,8.365376444444445,2250,2.431,51.509,18.4,11.0,0.0,11.2,20,28,4.8,1858,2.9,4.4,18055.05076142132,16630.0,3556845,197
2021-06-11,Friday,4,0,south,8.571912633325432,21095,1.191,315.921,18.4,11.0,0.0,11.2,20,28,4.8,1858,2.9,4.4,15855.04794520548,16087.0,2314837,146
2021-06-14,Monday,0,0,north,9.808435522805231,7871,3.281,300.749,17.8,9.2,0.2,10.5,18,25,4.1,1981,2.8,4.3,16691.20812182741,15797.0,3288168,197
2021-06-14,Monday,0,0,south,7.507700348714621,12331,1.629,54.487,17.8,9.2,0.2,10.5,18,25,4.1,1981,2.8,4.3,14246.561643835616,14853.0,2079998,146
2021-06-15,Tuesday,1,0,north,5.285792400198364,16132,0.754,105.163,22.8,5.7,0.0,7.3,15,25,8.1,2386,3.8,5.3,17162.25888324873,16552.0,3380965,197
2021-06-15,Tuesday,1,0,south,9.320162710970465,7584,0.595,222.777,22.8,5.7,0.0,7.3,15,25,8.1,2386,3.8,5.3,14830.445205479453,15206.0,2165245,146
2021-06-16,Wednesday,2,0,north,11.437303380984796,8814,3.607,325.463,18.1,9.6,0.6,7.2,13,20,1.3,1264,2.3,3.1,17511.380710659898,16407.0,3449742,197
2021-06-16,Wednesday,2,0,south,12.528102075154234,1783,5.158,50.625,18.1,9.6,0.6,7.2,13,20,1.3,1264,2.3,3.1,15262.71724137931,15240.0,2213094,145
2021-06-17,Thursday,3,0,north,6.110104294715683,25869,1.116,288.566,18.2,7.9,0.0,8.2,14,21,7.5,2246,3.5,5.0,17699.54314720812,16570.0,3486810,197
2021-06-17,Thursday,3,0,south,12.583240802675586,598,2.744,99.085,18.2,7.9,0.0,8.2,14,21,7.5,2246,3.5,5.0,15562.372413793104,15843.0,2256544,145
2021-06-18,Friday,4,0,north,7.239894210277055,16892,1.022,73.86,16.0,4.0,0.0,6.5,11,16,8.4,2191,3.0,4.3,18017.73096446701,16704.0,3549493,197
2021-06-18,Friday,4,0,south,9.266985948477751,427,3.878,24.911,16.0,4.0,0.0,6.5,11,16,8.4,2191,3.0,4.3,15769.737931034482,15967.0,2286612,145
2021-06-21,Monday,0,0,north,9.112948435154175,17318,3.038,121.412,18.0,6.3,0.0,11.5,16,23,9.6,2586,3.8,5.8,16632.451776649745,15654.0,3276593,197
2021-06-21,Monday,0,0,south,10.224243697478991,714,5.54,47.872,18.0,6.3,0.0,11.5,16,23,9.6,2586,3.8,5.8,14250.662068965516,14879.0,2066346,145
2021-06-22,Tuesday,1,0,north,9.768675246266286,12588,0.071,105.262,18.0,5.4,0.2,7.6,15,20,10.6,2703,3.7,5.4,16998.223350253807,16029.0,3348650,197
2021-06-22,Tuesday,1,0,south,11.410965981812058,8907,4.389,158.658,18.0,5.4,0.2,7.6,15,20,10.6,2703,3.7,5.4,14688.813793103447,15529.0,2129878,145
2021-06-23,Wednesday,2,0,north,2.2349891682267984,14956,0.167,32.383,18.6,9.6,8.1,6.1,10,14,0.0,767,1.5,2.0,17102.472081218275,15857.0,3369187,197
2021-06-23,Wednesday,2,0,south,3.9523717948717954,156,0.699,14.698,18.6,9.6,8.1,6.1,10,14,0.0,767,1.5,2.0,14834.643835616438,14838.5,2165858,146
2021-06-24,Thursday,3,0,north,9.455930232558138,14878,1.128,191.568,18.6,11.1,2.6,10.8,19,29,3.1,1550,2.3,3.5,17532.4923857868,16839.0,3453901,197
2021-06-24,Thursday,3,0,south,9.04852922077922,4928,0.975,129.615,18.6,11.1,2.6,10.8,19,29,3.1,1550,2.3,3.5,15367.732876712327,15875.5,2243689,146
2021-06-25,Friday,4,0,north,6.346251256281407,199,2.807,13.845,13.8,9.1,0.9,11.0,17,26,0.1,661,1.7,2.3,17770.695431472082,17205.0,3500827,197
2021-06-25,Friday,4,0,south,5.686444005939356,25592,0.611,225.873,13.8,9.1,0.9,11.0,17,26,0.1,661,1.7,2.3,15635.849315068494,15604.0,2282834,146
2021-06-28,Monday,0,0,north,7.35092590851394,21271,1.909,283.317,19.8,6.5,0.0,5.0,9,15,4.2,1966,3.0,4.1,16516.903553299493,15589.0,3253830,197
2021-06-28,Monday,0,0,south,6.306014319809069,2933,2.474,32.676,19.8,6.5,0.0,5.0,9,15,4.2,1966,3.0,4.1,13986.554794520547,14579.0,2042037,146
2021-06-29,Tuesday,1,0,north,15.265483906464926,10905,5.378,167.683,22.7,7.0,0.0,5.7,9,14,14.9,2730,4.2,5.7,17128.913705583756,16554.0,3374396,197
2021-06-29,Tuesday,1,0,south,14.88404760619844,25942,5.697,387.972,22.7,7.0,0.0,5.7,9,14,14.9,2730,4.2,5.7,14669.089041095893,15304.0,2141687,146
2021-06-30,Wednesday,2,0,north,10.816618216139688,14833,5.644,134.516,19.4,7.6,0.0,6.2,10,14,8.1,2388,3.4,4.8,17340.065989847717,16578.0,3415993,197
2021-06-30,Wednesday,2,0,south,11.536517183698296,6576,6.691,56.652,19.4,7.6,0.0,6.2,10,14,8.1,2388,3.4,4.8,15119.198630136989,15930.0,2207403,146
2021-07-05,Monday,0,0,north,5.513332094107202,18022,0.44,348.127,19.0,10.5,0.5,7.5,12,19,7.1,2117,3.4,4.8,16031.482233502538,15034.0,3158202,197
2021-07-05,Monday,0,0,south,6.358174796747968,492,1.456,84.937,19.0,10.5,0.5,7.5,12,19,7.1,2117,3.4,4.8,14018.979310344828,14862.0,2032752,145
2021-07-06,Tuesday,1,0,north,3.465940973971452,23820,0.071,173.989,16.6,8.8,14.5,6.2,11,16,0.8,832,1.5,2.0,16613.888324873096,15546.0,3272936,197
2021-07-06,Tuesday,1,0,south,4.399505511811024,635,0.658,81.863,16.6,8.8,14.5,6.2,11,16,0.8,832,1.5,2.0,14444.53103448276,14995.0,2094457,145
2021-07-07,Wednesday,2,0,north,9.36327634766808,13208,3.3,196.129,20.3,11.9,0.0,6.6,13,16,2.8,1518,2.7,3.7,16840.878172588833,15814.0,3317653,197
2021-07-07,Wednesday,2,0,south,13.368954802259886,354,5.217,68.16,20.3,11.9,0.0,6.6,13,16,2.8,1518,2.7,3.7,14619.262068965518,15333.0,2119793,145
2021-07-08,Thursday,3,0,north,3.3299022939677148,4708,1.195,29.826,19.6,12.1,0.0,5.5,9,13,1.8,1542,2.7,3.6,17333.142131979694,16282.0,3414629,197
2021-07-08,Thursday,3,0,south,4.054809830879669,8219,1.085,161.061,19.6,12.1,0.0,5.5,9,13,1.8,1542,2.7,3.6,15304.772413793104,16168.0,2219192,145
2021-07-09,Friday,4,0,north,3.3944147806500053,9323,0.469,53.097,17.4,13.9,0.1,4.8,10,14,0.1,773,1.8,2.3,17624.54314720812,16665.0,3472035,197
2021-07-09,Friday,4,0,south,6.356712295401403,10264,0.556,202.631,17.4,13.9,0.1,4.8,10,14,0.1,773,1.8,2.3,15334.287671232876,15839.0,2238806,146
2021-07-12,Monday,0,0,south,5.972862185637815,19802,0.789,393.884,20.1,13.4,3.7,4.9,8,11,1.4,1027,2.0,2.7,13861.280821917808,14234.0,2023747,146
2021-07-13,Tuesday,1,0,south,6.6100521770858665,24666,1.483,363.601,19.1,10.7,0.1,7.2,12,18,0.8,1167,2.1,2.9,14288.54109589041,14911.5,2086127,146
2021-07-14,Wednesday,2,0,north,3.167865317959963,14137,0.53,115.231,22.3,10.3,0.0,8.8,13,21,6.6,2288,3.4,4.9,17020.36040609137,16064.0,3353011,197
2021-07-14,Wednesday,2,0,south,14.657177914110427,489,1.124,180.565,22.3,10.3,0.0,8.8,13,21,6.6,2288,3.4,4.9,14745.90410958904,15428.0,2152902,146
2021-07-15,Thursday,3,0,north,6.2139737538363855,9449,1.5,55.286,24.1,13.1,0.0,7.3,16,19,5.9,2160,3.7,5.0,17391.472081218275,16388.0,3426120,197
2021-07-15,Thursday,3,0,south,7.78184339314845,1839,2.793,48.839,24.1,13.1,0.0,7.3,16,19,5.9,2160,3.7,5.0,14801.993150684932,15388.5,2161091,146
2021-07-16,Friday,4,0,north,9.600903350515464,2328,1.638,80.976,24.7,12.2,0.0,4.5,9,13,13.0,2649,4.3,5.7,17644.79695431472,16730.0,3476025,197
2021-07-16,Friday,4,0,south,5.171588277340958,15389,0.674,280.686,24.7,12.2,0.0,4.5,9,13,13.0,2649,4.3,5.7,15219.876712328767,15809.5,2222102,146
2021-07-19,Monday,0,0,north,8.959497079592015,11471,2.767,240.459,23.4,13.7,0.0,6.5,11,14,13.5,2706,4.1,5.7,16585.18274111675,15418.0,3267281,197
2021-07-19,Monday,0,0,south,10.062285609532536,10910,1.922,341.577,23.4,13.7,0.0,6.5,11,14,13.5,2706,4.1,5.7,13757.213793103449,14567.0,1994796,145
2021-07-20,Tuesday,1,0,north,10.089442209837657,12381,0.987,373.212,23.6,12.4,0.0,5.6,9,14,14.7,2695,4.1,5.6,16931.071065989847,16208.0,3335421,197
2021-07-20,Tuesday,1,0,south,6.4235142931618725,11509,0.807,210.448,23.6,12.4,0.0,5.6,9,14,14.7,2695,4.1,5.6,14335.158620689655,15100.0,2078598,145
2021-07-21,Wednesday,2,0,north,9.070393974507532,863,3.203,37.312,26.0,10.5,0.0,4.8,10,13,14.5,2762,4.4,5.9,17147.984771573603,16474.0,3378153,197
2021-07-21,Wednesday,2,0,south,6.7792482035067545,20874,1.632,120.144,26.0,10.5,0.0,4.8,10,13,14.5,2762,4.4,5.9,14611.868965517242,15328.0,2118721,145
2021-07-22,Thursday,3,0,north,12.913939393939394,99,9.036,22.007,26.1,10.3,0.0,5.5,11,16,13.8,2475,4.1,5.5,17115.401015228428,15339.0,3371734,197
2021-07-22,Thursday,3,0,south,11.271667084766335,24715,2.43,309.864,26.1,10.3,0.0,5.5,11,16,13.8,2475,4.1,5.5,14771.83448275862,15510.0,2141916,145
2021-07-23,Friday,4,0,north,28.718469807181616,8661,16.527,87.789,23.6,13.2,0.0,8.1,14,19,10.1,2275,3.3,4.8,17531.46700507614,16277.0,3453699,197
2021-07-23,Friday,4,0,south,21.958563218390804,15660,10.468,395.07,23.6,13.2,0.0,8.1,14,19,10.1,2275,3.3,4.8,15252.096551724138,15728.0,2211554,145
2021-07-26,Monday,0,0,north,12.223404313126167,23556,4.06,153.811,19.8,10.1,0.0,7.1,12,17,2.5,1056,2.0,2.7,16062.116751269035,14697.0,3164237,197
2021-07-26,Monday,0,0,south,10.737581445523192,927,5.512,35.719,19.8,10.1,0.0,7.1,12,17,2.5,1056,2.0,2.7,13541.143835616438,14236.0,1977007,146
2021-07-27,Tuesday,1,0,north,6.8024169664268594,20016,0.706,278.841,20.0,13.2,5.0,7.0,15,21,0.9,919,2.0,2.6,16220.680203045686,14949.0,3195474,197
2021-07-27,Tuesday,1,0,south,5.647534640993341,5557,0.618,202.763,20.0,13.2,5.0,7.0,15,21,0.9,919,2.0,2.6,13968.582191780824,14328.5,2039413,146
2021-07-28,Wednesday,2,0,north,2.327658973029046,23136,0.146,94.706,16.7,10.7,5.1,11.0,25,36,3.8,1371,2.3,3.3,16855.54314720812,15611.0,3320542,197
2021-07-28,Wednesday,2,0,south,5.022924354243543,542,0.601,31.272,16.7,10.7,5.1,11.0,25,36,3.8,1371,2.3,3.3,14572.801369863011,15282.0,2127629,146
2021-07-29,Thursday,3,0,north,4.345152517614711,23276,0.391,223.668,17.7,10.2,0.0,9.6,17,26,5.1,1634,2.7,3.9,17096.269035532994,15688.0,3367965,197
2021-07-29,Thursday,3,0,south,6.787685667752443,614,0.862,82.791,17.7,10.2,0.0,9.6,17,26,5.1,1634,2.7,3.9,14811.061643835616,15265.5,2162415,146
2021-07-30,Friday,4,0,north,3.80832460557234,2979,1.257,33.873,18.2,12.6,26.9,8.0,15,21,0.4,912,1.8,2.4,17432.700507614212,15828.0,3434242,197
2021-07-30,Friday,4,0,south,4.932459110473458,697,1.637,21.303,18.2,12.6,26.9,8.0,15,21,0.4,912,1.8,2.4,15087.979310344828,15848.0,2187757,145
2021-08-03,Tuesday,1,0,north,6.12628,25,4.189,8.831,17.8,10.0,0.8,3.5,7,10,2.5,997,1.8,2.3,16020.908629441625,14555.0,3156119,197
2021-08-03,Tuesday,1,0,south,6.318767016789347,12091,1.48,151.901,17.8,10.0,0.8,3.5,7,10,2.5,997,1.8,2.3,13536.151724137932,14174.0,1962742,145
2021-08-04,Wednesday,2,0,north,8.293271100507008,6706,2.918,66.426,21.8,8.8,0.3,6.0,13,20,4.4,1684,2.8,3.8,16144.05076142132,14187.0,3180378,197
2021-08-04,Wednesday,2,0,south,7.89421986353298,2638,3.039,92.417,21.8,8.8,0.3,6.0,13,20,4.4,1684,2.8,3.8,13791.744827586206,14420.0,1999803,145
2021-08-05,Thursday,3,0,north,6.135495521628498,19650,0.39,112.674,18.9,13.3,25.8,7.8,18,28,0.6,734,1.6,2.1,16529.99494949495,14981.5,3272939,198
2021-08-05,Thursday,3,0,south,5.369769102990033,602,0.995,19.205,18.9,13.3,25.8,7.8,18,28,0.6,734,1.6,2.1,14487.689655172411,15191.0,2100715,145
2021-08-06,Friday,4,0,north,4.834558681513599,20296,0.23,181.374,17.9,13.6,1.6,11.3,18,32,2.0,1314,2.1,3.2,17137.78787878788,15565.0,3393282,198
2021-08-06,Friday,4,0,south,8.213063694267516,628,1.392,56.55,17.9,13.6,1.6,11.3,18,32,2.0,1314,2.1,3.2,14901.537931034483,15896.0,2160723,145
2021-08-09,Monday,0,0,north,3.288604253627509,5031,0.492,132.226,18.6,11.0,3.8,8.3,13,20,2.7,1297,2.1,3.0,15932.959595959595,14599.0,3154726,198
2021-08-09,Monday,0,0,south,3.646184210526316,8132,0.483,274.171,18.6,11.0,3.8,8.3,13,20,2.7,1297,2.1,3.0,13492.53103448276,14460.0,1956417,145
2021-08-10,Tuesday,1,0,south,5.775912891692955,23775,0.845,146.615,19.1,12.3,0.0,5.9,10,15,2.4,1218,2.3,3.0,13970.513698630137,14813.5,2039695,146
2021-08-11,Wednesday,2,0,north,8.226936356986101,1367,2.421,69.361,19.5,8.7,1.5,7.7,15,28,4.3,1184,2.1,2.9,16523.545454545456,15001.5,3271662,198
2021-08-11,Wednesday,2,0,south,5.250212246486066,20561,0.128,259.682,19.5,8.7,1.5,7.7,15,28,4.3,1184,2.1,2.9,14438.753424657534,15042.5,2108058,146
2021-08-12,Thursday,3,0,south,8.501708596017211,19986,1.846,135.617,19.4,9.9,3.4,9.3,20,32,5.7,1350,2.6,3.5,14739.582191780824,15446.0,2151979,146
2021-08-13,Friday,4,0,north,8.724734220402594,11724,2.158,168.557,19.4,12.0,0.0,10.0,15,29,5.1,1544,3.0,4.1,17351.409090909092,15832.0,3435579,198
2021-08-13,Friday,4,0,south,9.848773627130315,11618,2.785,344.784,19.4,12.0,0.0,10.0,15,29,5.1,1544,3.0,4.1,15054.972602739726,15798.0,2198026,146
2021-08-16,Monday,0,0,north,5.959692351216502,19441,1.278,280.913,16.4,12.0,0.1,13.2,20,29,0.8,1017,2.0,2.9,15933.126262626263,14502.0,3154759,198
2021-08-16,Monday,0,0,south,6.157088320743754,3442,1.253,47.946,16.4,12.0,0.1,13.2,20,29,0.8,1017,2.0,2.9,13583.013793103448,14638.0,1969537,145
2021-08-17,Tuesday,1,0,north,5.967087186388542,10403,0.345,344.484,18.3,12.2,0.1,14.8,23,31,0.6,1200,2.1,3.2,16321.80303030303,15045.0,3231717,198
2021-08-17,Tuesday,1,0,south,2.636114379827351,8804,0.483,70.764,18.3,12.2,0.1,14.8,23,31,0.6,1200,2.1,3.2,14105.116438356165,15017.0,2059347,146
2021-08-18,Wednesday,2,0,north,3.299426219126029,1579,0.606,115.243,17.2,11.7,0.0,9.0,13,18,0.2,818,1.7,2.4,16743.439393939392,15131.5,3315201,198
2021-08-18,Wednesday,2,0,south,3.037,563,0.699,14.11,17.2,11.7,0.0,9.0,13,18,0.2,818,1.7,2.4,14543.431506849314,15078.0,2123341,146
2021-08-19,Thursday,3,0,north,5.7612448836229095,21353,0.924,97.111,19.2,10.2,0.4,4.5,10,12,1.0,1033,1.7,2.3,16977.80808080808,15284.5,3361606,198
2021-08-19,Thursday,3,0,south,5.992756069364162,865,0.67,30.48,19.2,10.2,0.4,4.5,10,12,1.0,1033,1.7,2.3,14890.513698630137,15502.0,2174015,146
2021-08-20,Friday,4,0,north,7.696160255304468,17391,0.12,116.44,20.5,12.9,3.9,6.1,12,18,0.5,782,1.5,2.0,17293.343434343435,15447.5,3424082,198
2021-08-20,Friday,4,0,south,13.555311188811189,572,0.217,168.738,20.5,12.9,3.9,6.1,12,18,0.5,782,1.5,2.0,15310.63698630137,15531.0,2235353,146
2021-08-23,Monday,0,0,north,4.643771866546438,21071,0.805,50.37,20.4,9.3,0.0,4.4,9,12,11.9,2082,2.7,3.7,16619.833333333332,15376.0,3290727,198
2021-08-23,Monday,0,0,south,6.954885263157895,950,1.837,64.473,20.4,9.3,0.0,4.4,9,12,11.9,2082,2.7,3.7,13937.605442176871,14859.0,2048828,147
2021-08-24,Tuesday,1,0,north,10.78873589180283,14566,0.071,262.078,20.2,9.9,0.3,5.2,11,16,9.7,1925,2.5,3.5,17004.5202020202,15462.5,3366895,198
2021-08-24,Tuesday,1,0,south,16.19193243243243,222,11.067,34.789,20.2,9.9,0.3,5.2,11,16,9.7,1925,2.5,3.5,14211.891156462583,15078.0,2089148,147
2021-08-25,Wednesday,2,0,north,6.2504356745975205,14038,2.129,74.695,21.7,8.6,0.0,4.5,10,14,10.2,1970,2.6,3.6,17239.252525252527,15671.5,3413372,198
2021-08-25,Wednesday,2,0,south,7.969881758463871,5937,2.444,260.314,21.7,8.6,0.0,4.5,10,14,10.2,1970,2.6,3.6,14661.319727891156,15453.0,2155214,147
2021-08-26,Thursday,3,0,north,11.7356884057971,414,5.591,35.553,20.8,9.7,0.0,5.5,10,18,12.4,2012,2.6,3.6,17520.782828282827,15952.0,3469115,198
2021-08-26,Thursday,3,0,south,11.330776969981237,4264,5.643,104.693,20.8,9.7,0.0,5.5,10,18,12.4,2012,2.6,3.6,15038.78231292517,15696.0,2210701,147
2021-08-27,Friday,4,0,north,12.485236702127658,752,4.263,173.724,18.6,7.1,0.0,5.8,10,16,9.5,1916,2.3,3.3,18050.439393939392,16143.5,3573987,198
2021-08-27,Friday,4,0,south,9.810353764609948,14716,3.268,62.551,18.6,7.1,0.0,5.8,10,16,9.5,1916,2.3,3.3,15459.857142857143,16296.0,2272599,147
2021-08-30,Monday,0,0,north,4.932531716417911,1072,1.284,84.382,15.0,10.6,0.1,8.9,14,20,0.0,506,1.0,1.4,16696.527918781725,14909.0,3289216,197
2021-08-30,Monday,0,0,south,4.683501808536292,20735,0.856,111.183,15.0,10.6,0.1,8.9,14,20,0.0,506,1.0,1.4,14007.34013605442,14386.0,2059079,147
2021-08-31,Tuesday,1,0,north,12.281321202531643,632,2.549,67.956,14.5,12.4,1.1,10.0,15,24,0.1,789,1.6,2.2,17095.888324873096,15518.0,3367890,197
2021-08-31,Tuesday,1,0,south,6.224737026871769,15667,1.7,220.379,14.5,12.4,1.1,10.0,15,24,0.1,789,1.6,2.2,14787.442176870749,15099.0,2173754,147
2021-09-01,Wednesday,2,0,north,6.719418423033497,10628,2.251,282.881,17.3,8.6,0.0,8.6,13,23,1.4,967,1.5,2.2,17465.324873096448,15727.0,3440669,197
2021-09-01,Wednesday,2,0,south,10.166328205128204,390,4.665,30.608,17.3,8.6,0.0,8.6,13,23,1.4,967,1.5,2.2,15235.190476190475,15497.0,2239573,147
2021-09-02,Thursday,3,0,north,11.633272591486184,1339,4.133,84.269,15.6,7.4,0.0,8.2,14,20,0.1,659,1.1,1.6,17674.30964467005,15831.0,3481839,197
2021-09-02,Thursday,3,0,south,11.10595559834296,17139,2.466,311.213,15.6,7.4,0.0,8.2,14,20,0.1,659,1.1,1.6,15673.0,16082.0,2303931,147
2021-09-03,Friday,4,0,north,12.817609468528932,5513,5.1,123.201,16.0,8.7,0.0,7.7,13,17,0.0,626,1.0,1.5,18238.89847715736,16415.0,3593063,197
2021-09-03,Friday,4,0,south,16.301603041568097,14795,3.727,291.993,16.0,8.7,0.0,7.7,13,17,0.0,626,1.0,1.5,16069.619047619048,16231.0,2362234,147
2021-09-06,Monday,0,0,north,14.865932268370608,9390,6.666,104.849,22.9,11.9,0.0,4.2,7,12,11.1,1559,2.3,3.1,16992.70408163265,15742.0,3330570,196
2021-09-06,Monday,0,0,south,14.011418585822238,11116,6.128,123.589,22.9,11.9,0.0,4.2,7,12,11.1,1559,2.3,3.1,14440.816326530612,14753.0,2122800,147
2021-09-07,Tuesday,1,0,north,16.73679768612426,13311,5.899,224.565,21.1,11.4,0.1,6.0,11,13,9.1,1658,2.1,3.0,17496.01530612245,15979.0,3429219,196
2021-09-07,Tuesday,1,0,south,19.31847387661843,6565,8.903,94.979,21.1,11.4,0.1,6.0,11,13,9.1,1658,2.1,3.0,15383.503401360544,15580.0,2261375,147
2021-09-08,Wednesday,2,0,north,26.881944015444017,518,8.901,231.263,22.5,11.8,0.1,5.2,12,15,1.4,776,1.6,2.0,17406.84263959391,15938.0,3429148,197
2021-09-08,Wednesday,2,0,south,13.3488205274634,19262,5.439,156.46,22.5,11.8,0.1,5.2,12,15,1.4,776,1.6,2.0,15554.061224489797,15521.0,2286447,147
2021-09-09,Thursday,3,0,north,9.162535150528884,12290,0.223,178.242,20.7,15.0,8.6,4.0,9,14,2.6,1005,1.6,2.1,17484.449494949495,16052.5,3461921,198
2021-09-09,Thursday,3,0,south,9.413570546318288,2105,1.89,198.719,20.7,15.0,8.6,4.0,9,14,2.6,1005,1.6,2.1,15725.836734693878,16192.0,2311698,147
2021-09-10,Friday,4,0,north,12.54724465709729,3135,5.383,94.492,20.2,14.7,0.1,6.7,16,19,0.8,638,1.4,1.8,18301.888324873096,16543.0,3605472,197
2021-09-10,Friday,4,0,south,10.79065039238004,16693,3.449,378.115,20.2,14.7,0.1,6.7,16,19,0.8,638,1.4,1.8,16098.496598639456,16328.0,2366479,147
2021-09-13,Monday,0,0,north,4.146961738484398,10768,0.427,92.238,17.1,6.5,1.2,5.8,12,17,0.2,560,1.0,1.3,16601.668341708544,15023.0,3303732,199
2021-09-13,Monday,0,0,south,4.308399553571428,3584,0.635,126.145,17.1,6.5,1.2,5.8,12,17,0.2,560,1.0,1.3,14462.639455782311,14805.0,2126008,147
2021-09-14,Tuesday,1,0,north,7.411676838856211,17171,2.07,364.388,19.5,12.3,0.0,5.1,9,12,8.0,1561,2.0,2.8,17054.623115577888,15899.0,3393870,199
2021-09-14,Tuesday,1,0,south,9.914240862230551,1067,2.578,177.429,19.5,12.3,0.0,5.1,9,12,8.0,1561,2.0,2.8,15091.299319727892,15719.0,2218421,147
2021-09-15,Wednesday,2,0,north,11.465403019251973,11791,1.372,399.148,18.5,12.1,0.0,4.8,11,14,0.1,513,1.2,1.5,17407.683417085427,15786.0,3464129,199
2021-09-15,Wednesday,2,0,south,4.275142938367069,8794,0.89,54.851,18.5,12.1,0.0,4.8,11,14,0.1,513,1.2,1.5,15526.925170068029,15588.0,2282458,147
2021-09-16,Thursday,3,0,north,8.909271797019926,16711,0.331,324.008,20.0,10.0,0.0,5.8,11,18,2.1,955,1.6,2.2,17896.904522613066,15980.0,3561484,199
2021-09-16,Thursday,3,0,south,7.013219759926131,1083,0.674,135.656,20.0,10.0,0.0,5.8,11,18,2.1,955,1.6,2.2,15926.482993197278,16377.0,2341193,147
2021-09-17,Friday,4,0,north,7.382187304640539,16636,0.287,114.194,18.2,12.7,6.3,7.1,13,19,0.0,459,1.1,1.5,18149.668341708544,16387.0,3611784,199
2021-09-17,Friday,4,0,south,7.841354285714286,700,0.086,92.631,18.2,12.7,6.3,7.1,13,19,0.0,459,1.1,1.5,16576.931972789116,16604.0,2436809,147
2021-09-20,Monday,0,0,north,7.544518481747366,13094,0.981,129.214,18.1,9.4,0.0,6.9,13,15,4.8,1113,1.6,2.3,16912.99497487437,15550.0,3365686,199
2021-09-20,Monday,0,0,south,5.4514411955815465,1539,0.71,194.156,18.1,9.4,0.0,6.9,13,15,4.8,1113,1.6,2.3,14628.42857142857,15384.0,2150379,147
2021-09-21,Tuesday,1,0,north,4.970016781083142,2622,0.424,85.958,17.3,11.7,0.0,6.9,12,20,2.1,881,1.3,1.8,17144.090452261305,15995.0,3411674,199
2021-09-21,Tuesday,1,0,south,5.31630643571328,14202,0.468,177.136,17.3,11.7,0.0,6.9,12,20,2.1,881,1.3,1.8,15296.326530612245,15654.0,2248560,147
2021-09-22,Wednesday,2,0,north,5.042606148425957,17598,0.686,180.399,20.2,13.4,0.0,9.3,15,24,7.7,1320,2.2,3.0,17461.0351758794,15998.0,3474746,199
2021-09-22,Wednesday,2,0,south,6.44475733855186,1022,1.129,31.178,20.2,13.4,0.0,9.3,15,24,7.7,1320,2.2,3.0,15613.666666666666,15846.0,2295209,147
2021-09-23,Thursday,3,0,north,12.746385400015225,13137,4.805,238.944,19.0,12.1,0.1,9.8,18,25,6.1,1092,1.7,2.4,17754.577889447235,16102.0,3533161,199
2021-09-23,Thursday,3,0,south,12.754869340678257,5809,4.556,205.14,19.0,12.1,0.1,9.8,18,25,6.1,1092,1.7,2.4,15863.033783783783,16325.5,2347729,148
2021-09-24,Friday,4,0,north,3.5760566706021253,847,0.412,55.809,20.3,13.6,0.1,9.7,16,25,1.3,676,1.7,2.1,18200.819095477385,16510.0,3621963,199
2021-09-24,Friday,4,0,south,3.4976754507628294,15862,0.349,242.046,20.3,13.6,0.1,9.7,16,25,1.3,676,1.7,2.1,16291.802721088436,16827.0,2394895,147
2021-09-27,Monday,0,0,north,12.808476232394366,1136,1.49,126.468,15.6,8.7,10.4,7.5,24,36,6.9,1134,1.6,2.2,16863.658291457286,15106.0,3355868,199
2021-09-27,Monday,0,0,south,5.726823085266143,23972,0.307,181.572,15.6,8.7,10.4,7.5,24,36,6.9,1134,1.6,2.2,14543.489795918367,14959.0,2137893,147
2021-09-28,Tuesday,1,0,north,7.201043973301925,2547,0.417,78.102,14.7,6.3,0.1,8.0,19,25,5.5,1001,1.6,2.1,17154.22110552764,15681.0,3413690,199
2021-09-28,Tuesday,1,0,south,4.247665343836996,16883,0.49,145.904,14.7,6.3,0.1,8.0,19,25,5.5,1001,1.6,2.1,15348.25850340136,16295.0,2256194,147
2021-09-29,Wednesday,2,0,north,5.360352792292619,12248,0.862,163.759,14.3,5.0,1.2,10.6,18,25,7.3,1189,1.6,2.3,17562.849246231155,16401.0,3495007,199
2021-09-29,Wednesday,2,0,south,7.017826086956521,1771,1.318,52.889,14.3,5.0,1.2,10.6,18,25,7.3,1189,1.6,2.3,15766.081632653062,16713.0,2317614,147
2021-09-30,Thursday,3,0,north,13.659641889117044,4870,5.853,48.139,15.9,10.4,4.7,10.2,21,31,0.1,406,1.0,1.3,17706.170854271357,15981.0,3523528,199
2021-09-30,Thursday,3,0,south,7.304738319337203,17743,0.166,129.432,15.9,10.4,4.7,10.2,21,31,0.1,406,1.0,1.3,16307.931972789116,16796.0,2397266,147
2021-10-01,Friday,4,0,north,7.345541663913302,15133,0.678,88.718,13.7,7.9,2.0,11.0,22,32,8.7,1214,1.4,2.1,18351.582914572864,16847.0,3651965,199
2021-10-01,Friday,4,0,south,7.911245509996611,5902,2.261,48.118,13.7,7.9,2.0,11.0,22,32,8.7,1214,1.4,2.1,16764.36054421769,17494.0,2464361,147
2021-10-07,Thursday,3,0,north,3.0564991410131404,21537,0.132,215.943,20.2,15.8,0.6,9.4,17,27,1.5,647,1.5,1.8,17967.613065326634,16368.0,3575555,199
2021-10-07,Thursday,3,0,south,5.317052421367948,2003,0.344,138.54,20.2,15.8,0.6,9.4,17,27,1.5,647,1.5,1.8,16267.687074829932,17022.0,2391350,147
2021-10-08,Friday,4,0,north,11.503602530311015,17073,1.663,100.878,19.4,14.7,6.3,6.8,14,21,2.6,607,1.3,1.6,18328.773869346733,16815.0,3647426,199
2021-10-08,Friday,4,0,south,9.213735621521336,1078,0.571,87.773,19.4,14.7,6.3,6.8,14,21,2.6,607,1.3,1.6,16704.197278911564,17154.0,2455517,147
2021-10-11,Monday,0,0,north,12.08822290545734,18214,3.535,112.435,14.5,5.2,0.0,6.1,9,13,7.4,989,0.9,1.4,17144.21608040201,15322.0,3411699,199
2021-10-11,Monday,0,0,south,17.761851094890513,685,6.127,64.227,14.5,5.2,0.0,6.1,9,13,7.4,989,0.9,1.4,14644.292517006805,15614.0,2152711,147
2021-10-12,Tuesday,1,0,north,4.609385825223631,10173,0.769,76.783,14.7,8.6,0.0,8.6,13,18,0.3,494,0.9,1.2,17474.527638190953,15782.0,3477431,199
2021-10-12,Tuesday,1,0,south,9.900155778894472,398,1.782,46.96,14.7,8.6,0.0,8.6,13,18,0.3,494,0.9,1.2,15679.77551020408,16216.0,2304927,147
2021-10-14,Thursday,3,0,south,7.661719512195122,738,3.029,24.493,14.4,10.7,0.0,7.8,14,23,0.1,376,1.0,1.3,16195.979591836734,16888.0,2380809,147
2021-10-15,Friday,4,0,north,5.780376103632942,13818,0.722,76.053,13.1,5.5,0.4,4.9,12,16,5.6,807,0.7,1.0,18244.69,16517.5,3648938,200
2021-10-15,Friday,4,0,south,9.42331784068466,7595,1.122,391.3,13.1,5.5,0.4,4.9,12,16,5.6,807,0.7,1.0,16581.761904761905,17556.0,2437519,147
2021-10-18,Monday,0,0,north,2.8082278308321964,733,0.095,30.669,19.0,13.8,0.8,7.7,16,25,1.4,528,1.1,1.4,16870.13,15152.0,3374026,200
2021-10-18,Monday,0,0,south,2.7112338953264867,18209,0.071,334.644,19.0,13.8,0.8,7.7,16,25,1.4,528,1.1,1.4,14730.72972972973,15806.0,2180148,148
2021-10-19,Tuesday,1,0,south,3.943332949259591,23433,0.071,236.635,18.7,10.8,7.7,7.7,15,26,0.7,348,0.9,1.1,15360.222972972972,16275.0,2273313,148
2021-10-20,Wednesday,2,0,north,11.96910272304627,4517,3.269,71.801,12.3,7.3,5.3,7.9,23,31,4.5,580,0.9,1.2,17967.85,16195.0,3593570,200
2021-10-20,Wednesday,2,0,south,11.314160357187774,15902,3.075,124.281,12.3,7.3,5.3,7.9,23,31,4.5,580,0.9,1.2,15876.743243243243,16823.0,2349758,148
2021-10-21,Thursday,3,0,north,8.442163292847503,741,2.423,37.705,11.0,3.6,0.0,11.8,18,23,8.4,858,1.1,1.5,17780.425,15821.5,3556085,200
2021-10-21,Thursday,3,0,south,8.419672588347659,10470,2.233,380.244,11.0,3.6,0.0,11.8,18,23,8.4,858,1.1,1.5,16007.25,16766.5,2369073,148
2021-10-22,Friday,4,0,north,3.852260948432237,19295,0.473,210.903,12.5,6.7,0.2,9.4,16,23,3.5,595,1.1,1.4,18640.61,16384.0,3728122,200
2021-10-22,Friday,4,0,south,5.165795166858458,2607,0.891,220.182,12.5,6.7,0.2,9.4,16,23,3.5,595,1.1,1.4,16687.222972972973,17637.5,2469709,148
2021-10-26,Tuesday,1,0,north,9.93078947368421,931,2.784,185.967,17.0,9.7,0.7,13.5,19,33,0.5,333,1.5,1.7,16622.015,14829.5,3324403,200
2021-10-26,Tuesday,1,0,south,10.678325885024254,19378,1.744,287.913,17.0,9.7,0.7,13.5,19,33,0.5,333,1.5,1.7,14445.299319727892,15259.0,2123459,147
2021-10-27,Wednesday,2,0,north,2.6462820512820517,351,0.507,12.44,16.8,14.4,9.8,12.0,16,29,0.0,166,1.0,1.2,16948.955,15350.5,3389791,200
2021-10-27,Wednesday,2,0,south,2.2453857732069205,18669,0.091,150.706,16.8,14.4,9.8,12.0,16,29,0.0,166,1.0,1.2,15265.43918918919,16069.5,2259285,148
2021-10-28,Thursday,3,0,north,4.988068527046533,14549,0.294,277.673,15.2,10.1,10.7,4.5,12,18,0.9,263,0.5,0.6,17487.555,15730.5,3497511,200
2021-10-28,Thursday,3,0,south,5.204423544375353,7076,0.523,100.162,15.2,10.1,10.7,4.5,12,18,0.9,263,0.5,0.6,16041.734693877552,17140.0,2358135,147
2021-10-29,Friday,4,0,north,7.306156047456882,18206,1.194,174.107,12.9,8.5,7.4,6.3,11,16,4.8,585,0.6,0.9,18016.405,15933.5,3603281,200
2021-10-29,Friday,4,0,south,6.474947115384616,1872,1.209,55.082,12.9,8.5,7.4,6.3,11,16,4.8,585,0.6,0.9,16703.30612244898,17577.0,2455386,147
2021-11-01,Monday,0,0,north,4.1634849508368985,13323,0.498,56.078,10.2,4.7,1.2,12.9,22,35,2.1,366,0.8,1.0,17185.475,15391.0,3437095,200
2021-11-01,Monday,0,0,south,3.8150925925925927,486,0.926,10.433,10.2,4.7,1.2,12.9,22,35,2.1,366,0.8,1.0,15230.619047619048,16140.0,2238901,147
2021-11-02,Tuesday,1,0,north,6.765915760280799,23077,0.946,382.306,10.1,3.7,0.0,9.0,13,17,4.8,556,0.5,0.7,16896.975,15108.0,3379395,200
2021-11-02,Tuesday,1,0,south,9.522747252747251,728,2.28,100.68,10.1,3.7,0.0,9.0,13,17,4.8,556,0.5,0.7,15235.371621621622,15848.5,2254835,148
2021-11-03,Wednesday,2,0,north,4.844428090381143,20491,0.148,107.686,10.0,3.4,0.0,11.7,19,26,7.6,687,0.6,0.8,17155.64,15253.5,3431128,200
2021-11-03,Wednesday,2,0,south,10.124262893982808,1396,2.0,101.838,10.0,3.4,0.0,11.7,19,26,7.6,687,0.6,0.8,15681.326530612245,16619.0,2305155,147
2021-11-04,Thursday,3,0,north,5.165358793895392,13498,0.381,211.166,9.6,3.2,0.0,10.5,15,21,5.8,589,0.6,0.8,17805.49,15868.0,3561098,200
2021-11-04,Thursday,3,0,south,5.793025157232704,318,1.275,51.5,9.6,3.2,0.0,10.5,15,21,5.8,589,0.6,0.8,16268.122448979591,17381.0,2391414,147
2021-11-05,Friday,4,0,north,5.808081616481776,11358,0.812,334.956,11.0,6.6,0.0,7.5,15,19,0.2,328,0.6,0.8,18677.7,16489.0,3735540,200
2021-11-05,Friday,4,0,south,6.090316960148286,10790,1.213,158.407,11.0,6.6,0.0,7.5,15,19,0.2,328,0.6,0.8,16778.557823129253,18217.0,2466448,147
2021-11-08,Monday,0,0,north,4.59592735042735,468,1.324,10.96,16.4,6.1,2.3,7.3,13,25,2.2,326,0.7,0.9,17179.905,15227.0,3435981,200
2021-11-08,Monday,0,0,south,5.697849600257553,18637,0.81,96.427,16.4,6.1,2.3,7.3,13,25,2.2,326,0.7,0.9,14902.700680272108,15941.0,2190697,147
2021-11-09,Tuesday,1,0,north,5.480022755054067,10635,0.392,140.942,14.0,9.6,0.1,8.6,15,22,2.0,274,0.6,0.8,17536.635,15551.0,3507327,200
2021-11-09,Tuesday,1,0,south,10.258002623083131,9912,0.473,128.849,14.0,9.6,0.1,8.6,15,22,2.0,274,0.6,0.8,15461.1768707483,16852.0,2272793,147
2021-11-10,Wednesday,2,0,south,11.779131781954565,23463,2.41,397.632,11.6,6.9,0.0,3.9,10,13,3.0,443,0.3,0.5,15970.714285714286,17119.0,2347695,147
2021-11-11,Thursday,3,0,south,3.488355394474209,19038,0.071,185.862,14.3,3.7,1.1,9.1,19,29,0.1,219,0.6,0.8,16553.175675675677,17603.0,2449870,148
2021-11-12,Friday,4,0,north,3.009147342995169,414,0.956,6.318,13.2,10.0,0.7,15.0,23,32,0.5,232,0.9,1.1,18999.815,16732.0,3799963,200
2021-11-12,Friday,4,0,south,4.462704088826225,17022,0.289,381.352,13.2,10.0,0.7,15.0,23,32,0.5,232,0.9,1.1,17443.27210884354,18354.0,2564161,147
2021-11-15,Monday,0,0,north,6.6839141078400335,18954,1.264,102.827,12.4,5.9,0.7,5.5,15,19,1.7,279,0.2,0.3,17276.59,15420.0,3455318,200
2021-11-15,Monday,0,0,south,6.647894789579159,1996,1.899,39.39,12.4,5.9,0.7,5.5,15,19,1.7,279,0.2,0.3,14663.90476190476,15865.0,2155594,147
2021-11-16,Tuesday,1,0,north,5.632689651892715,10514,0.491,297.57,10.9,7.4,0.0,8.0,16,25,0.3,176,0.5,0.7,16447.104265402842,14813.0,3470339,211
2021-11-16,Tuesday,1,0,south,6.409034765432098,10125,0.751,246.176,10.9,7.4,0.0,8.0,16,25,0.3,176,0.5,0.7,14549.398692810457,15526.0,2226058,153
2021-11-17,Wednesday,2,0,north,20.71309195402299,696,9.107,298.088,10.9,6.8,0.0,9.1,15,22,0.2,260,0.6,0.7,17802.86,16259.5,3560572,200
2021-11-17,Wednesday,2,0,south,17.271744617530807,21505,6.582,260.575,10.9,6.8,0.0,9.1,15,22,0.2,260,0.6,0.7,15693.851351351352,16661.5,2322690,148
2021-11-18,Thursday,3,0,north,6.204278010227801,2151,1.302,71.374,13.3,10.4,0.0,9.5,14,25,0.3,209,0.6,0.7,18162.36,16071.5,3632472,200
2021-11-18,Thursday,3,0,south,3.928248983792128,19435,0.215,211.982,13.3,10.4,0.0,9.5,14,25,0.3,209,0.6,0.7,16177.04054054054,17107.5,2394202,148
2021-11-19,Friday,4,0,north,3.075860652591171,13025,0.143,122.411,12.3,8.9,0.0,6.5,11,18,2.9,353,0.5,0.6,18474.77,16299.5,3694954,200
2021-11-19,Friday,4,0,south,3.068574119863417,8493,0.114,103.747,12.3,8.9,0.0,6.5,11,18,2.9,353,0.5,0.6,16407.425675675677,17357.5,2428299,148
2021-11-23,Tuesday,1,0,north,7.095241067149476,18779,0.921,173.049,7.0,-0.1,0.0,5.9,10,13,0.0,123,0.4,0.5,17162.485,15036.5,3432497,200
2021-11-23,Tuesday,1,0,south,10.558623244929798,2564,1.722,93.946,7.0,-0.1,0.0,5.9,10,13,0.0,123,0.4,0.5,14897.858108108108,15921.5,2204883,148
2021-11-24,Wednesday,2,0,north,7.659931837952032,16094,2.287,237.505,7.3,1.0,0.3,8.1,17,21,0.2,192,0.3,0.4,17084.13930348259,15289.0,3433912,201
2021-11-24,Wednesday,2,0,south,5.47170884255931,8346,1.982,314.646,7.3,1.0,0.3,8.1,17,21,0.2,192,0.3,0.4,15117.755102040815,16417.0,2222310,147
2021-11-25,Thursday,3,0,north,13.427884883897404,13178,4.334,125.51,6.1,0.7,0.0,10.7,16,24,2.6,345,0.4,0.4,17863.765,15930.5,3572753,200
2021-11-25,Thursday,3,0,south,12.794718637992831,558,7.415,29.762,6.1,0.7,0.0,10.7,16,24,2.6,345,0.4,0.4,16028.292517006805,17155.0,2356159,147
2021-11-26,Friday,4,0,north,9.163840583841724,17539,0.574,285.749,8.0,1.6,0.3,19.2,28,38,3.5,308,0.5,0.6,18318.08542713568,16388.0,3645299,199
2021-11-26,Friday,4,0,south,9.75589243697479,1190,3.314,27.744,8.0,1.6,0.3,19.2,28,38,3.5,308,0.5,0.6,16544.210884353743,18417.0,2431999,147
2021-11-29,Monday,0,0,north,5.477621669447394,19779,0.62,377.994,9.1,1.4,0.0,8.8,17,26,0.1,167,0.3,0.4,16768.743718592967,14763.0,3336980,199
2021-11-29,Monday,0,0,south,4.542536315789474,1900,1.792,12.298,9.1,1.4,0.0,8.8,17,26,0.1,167,0.3,0.4,14556.034013605442,15553.0,2139737,147
2021-11-30,Tuesday,1,0,north,3.601144914491449,1111,0.225,126.424,10.7,7.9,4.3,14.4,25,35,0.1,122,0.5,0.7,17097.638190954774,15459.0,3402430,199
2021-11-30,Tuesday,1,0,south,2.630839753200323,17342,0.21,196.802,10.7,7.9,4.3,14.4,25,35,0.1,122,0.5,0.7,15251.299319727892,16623.0,2241941,147
2021-12-01,Wednesday,2,0,south,8.741682354041915,21376,0.694,144.587,8.0,1.1,0.5,16.4,26,38,2.8,241,0.4,0.5,15683.374149659863,17010.0,2305456,147
2021-12-02,Thursday,3,0,north,10.425416165839213,11481,2.24,189.555,8.0,0.9,8.2,8.5,13,25,2.6,291,0.1,0.1,17840.603015075376,15970.0,3550280,199
2021-12-02,Thursday,3,0,south,7.4885835497835505,1155,2.682,49.878,8.0,0.9,8.2,8.5,13,25,2.6,291,0.1,0.1,16321.77551020408,17337.0,2399301,147
2021-12-03,Friday,4,0,north,12.946577194752772,991,5.963,39.62,9.0,5.8,1.3,8.0,23,33,0.0,87,0.4,0.5,18436.597989949747,16617.0,3668883,199
2021-12-03,Friday,4,0,south,18.089666963783078,21316,6.08,234.63,9.0,5.8,1.3,8.0,23,33,0.0,87,0.4,0.5,17268.736486486487,18550.0,2555773,148
2021-12-06,Monday,0,0,north,8.786513513513514,370,3.798,17.736,7.3,1.9,2.4,10.5,17,28,4.8,281,0.2,0.2,16966.1,15270.5,3393220,200
2021-12-06,Monday,0,0,south,8.400366887588225,23236,0.882,205.711,7.3,1.9,2.4,10.5,17,28,4.8,281,0.2,0.2,15018.655405405403,16216.0,2222761,148
2021-12-07,Tuesday,1,0,north,1.6285652173913043,69,0.662,4.3,8.6,1.8,10.8,16.8,29,48,2.1,242,0.4,0.5,14563.625,13498.0,2912725,200
2021-12-07,Tuesday,1,0,south,7.133169012062033,20892,0.244,63.697,8.6,1.8,10.8,16.8,29,48,2.1,242,0.4,0.5,13218.331081081082,13926.0,1956313,148
2021-12-08,Wednesday,2,0,north,11.244781862531578,11479,4.0,55.926,5.7,1.9,8.5,24.4,35,50,0.1,112,0.8,1.2,16331.255,14674.5,3266251,200
2021-12-08,Wednesday,2,0,south,12.552322164948457,388,6.385,19.9,5.7,1.9,8.5,24.4,35,50,0.1,112,0.8,1.2,14874.945945945949,16099.0,2201492,148
2021-12-09,Thursday,3,0,north,10.202337834151663,7332,0.358,91.035,9.3,2.5,0.2,10.6,21,28,0.1,154,0.4,0.5,18127.7,16151.0,3625540,200
2021-12-09,Thursday,3,0,south,5.16919143016138,14376,0.285,99.584,9.3,2.5,0.2,10.6,21,28,0.1,154,0.4,0.5,16442.83108108108,17797.5,2433539,148
2021-12-10,Friday,4,0,south,11.36388787096774,7750,4.552,147.062,5.9,1.1,0.0,11.8,17,25,6.3,313,0.3,0.3,16977.567567567567,18125.5,2512680,148
2021-12-13,Monday,0,0,north,15.272337387898157,19402,3.433,291.505,7.9,0.4,0.0,4.0,11,17,0.0,110,0.3,0.4,16650.55,15406.0,3330110,200
2021-12-13,Monday,0,0,south,15.237914040114612,1047,4.393,49.526,7.9,0.4,0.0,4.0,11,17,0.0,110,0.3,0.4,14454.398648648648,15887.0,2139251,148
2021-12-14,Tuesday,1,0,north,5.323804013639667,17889,0.916,83.877,9.0,-1.4,0.0,7.5,12,21,6.5,328,0.1,0.1,17958.355,16070.0,3591671,200
2021-12-14,Tuesday,1,0,south,6.138171213208902,2786,1.171,46.162,9.0,-1.4,0.0,7.5,12,21,6.5,328,0.1,0.1,15694.27027027027,16931.0,2322752,148
2021-12-15,Wednesday,2,0,north,5.686030317882649,14282,0.451,284.956,11.2,7.3,0.0,8.5,14,24,6.2,308,0.3,0.3,18099.86069651741,16498.0,3638072,201
2021-12-15,Wednesday,2,0,south,5.105298678218372,9003,0.555,258.585,11.2,7.3,0.0,8.5,14,24,6.2,308,0.3,0.3,16182.337837837838,17594.0,2394986,148
2021-12-16,Thursday,3,0,north,9.748121306220575,9983,2.085,78.691,11.6,5.4,0.0,3.8,8,12,1.8,188,0.3,0.4,18684.3216080402,17038.0,3718180,199
2021-12-16,Thursday,3,0,south,8.490953861584755,997,2.342,131.675,11.6,5.4,0.0,3.8,8,12,1.8,188,0.3,0.4,16687.527027027027,17999.5,2469754,148
2021-12-17,Friday,4,0,north,10.10602355880778,16809,3.356,216.157,9.3,5.7,0.0,7.0,10,19,0.0,70,0.6,0.7,19198.658291457286,17305.0,3820533,199
2021-12-17,Friday,4,0,south,11.786781065088755,507,5.555,74.463,9.3,5.7,0.0,7.0,10,19,0.0,70,0.6,0.7,17348.263513513513,18512.0,2567543,148
2021-12-20,Monday,0,0,north,10.597359037328095,18324,3.125,111.712,7.2,5.7,0.0,7.1,13,18,0.0,70,0.5,0.7,18058.467336683418,16405.0,3593635,199
2021-12-20,Monday,0,0,south,13.647098395721926,935,4.579,91.718,7.2,5.7,0.0,7.1,13,18,0.0,70,0.5,0.7,15716.675675675677,17348.0,2326068,148
2021-12-21,Tuesday,1,0,north,18.033433736240017,18532,5.74,230.085,6.6,4.8,0.0,9.3,17,25,0.0,58,0.8,1.0,18185.43216080402,16313.0,3618901,199
2021-12-21,Tuesday,1,0,south,19.59468968386023,1202,10.421,70.369,6.6,4.8,0.0,9.3,17,25,0.0,58,0.8,1.0,15743.47972972973,17269.5,2330035,148
2021-12-22,Wednesday,2,0,south,8.722738387978142,1464,3.491,23.215,10.3,5.2,6.6,12.8,21,29,0.0,50,0.6,0.8,15678.412162162162,16749.5,2320405,148
2021-12-23,Thursday,3,0,north,4.6474417364813405,1313,1.505,16.822,13.0,4.3,0.0,7.4,13,22,2.6,225,0.2,0.2,17855.954773869347,16396.0,3553335,199
2021-12-23,Thursday,3,0,south,8.049397423996286,17236,0.499,94.948,13.0,4.3,0.0,7.4,13,22,2.6,225,0.2,0.2,14703.141891891892,15836.5,2176065,148
2021-12-24,Friday,4,0,north,18.154191550625445,21185,3.61,86.704,9.9,1.7,2.2,7.2,15,22,0.0,60,0.3,0.4,15006.678391959798,13720.0,2986329,199
2021-12-24,Friday,4,0,south,17.78177445432498,1237,3.941,42.386,9.9,1.7,2.2,7.2,15,22,0.0,60,0.3,0.4,11968.216216216217,13060.0,1771296,148
2022-01-04,Tuesday,1,0,south,11.71599797102817,21193,3.485,94.867,3.8,-0.3,0.0,12.0,17,23,5.7,307,0.4,0.4,11678.5,12478.5,1728418,148
2022-01-06,Thursday,3,0,south,7.412764096566702,11971,1.188,67.58,9.0,-0.1,3.5,11.2,18,31,1.3,139,0.6,0.8,12678.682432432432,13035.5,1876445,148
2022-01-07,Friday,4,0,north,4.43741667992997,12566,0.482,74.375,6.8,0.3,2.7,9.2,14,24,1.4,150,0.3,0.5,15840.522613065326,14387.0,3152264,199
2022-01-07,Friday,4,0,south,6.104971935483871,6200,0.815,146.468,6.8,0.3,2.7,9.2,14,24,1.4,150,0.3,0.5,13312.45945945946,13440.0,1970244,148
2022-01-10,Monday,0,0,north,4.750268557260188,19359,0.707,399.069,12.1,6.2,0.7,6.5,14,20,0.1,204,0.3,0.4,15690.819095477387,14054.0,3122473,199
2022-01-10,Monday,0,0,south,4.434176318701586,2711,0.9,161.882,12.1,6.2,0.7,6.5,14,20,0.1,204,0.3,0.4,12656.925675675677,13320.0,1873225,148
2022-01-11,Tuesday,1,0,north,18.259831897997987,8941,7.342,132.629,8.3,4.3,0.0,5.5,9,14,5.3,316,0.2,0.3,16039.40703517588,14805.0,3191842,199
2022-01-11,Tuesday,1,0,south,16.681529449978346,4618,6.627,99.238,8.3,4.3,0.0,5.5,9,14,5.3,316,0.2,0.3,13120.066666666668,13891.0,1968010,150
2022-01-12,Wednesday,2,0,north,15.071714285714288,14,9.35,23.415,10.1,4.0,0.0,5.5,9,15,7.1,396,0.2,0.3,16551.30150753769,15136.0,3293709,199
2022-01-12,Wednesday,2,0,south,13.11066236345581,21147,2.813,388.335,10.1,4.0,0.0,5.5,9,15,7.1,396,0.2,0.3,13657.402684563758,15095.0,2034953,149
2022-01-13,Thursday,3,0,north,12.201716290212184,17532,2.64,247.495,6.2,2.0,0.0,4.7,11,18,2.0,231,0.3,0.4,16614.54,15414.0,3322908,200
2022-01-13,Thursday,3,0,south,9.30344238323876,4582,2.737,48.075,6.2,2.0,0.0,4.7,11,18,2.0,231,0.3,0.4,14030.543624161071,15229.0,2090551,149
2022-01-14,Friday,4,0,north,21.915394915513808,19589,7.001,387.41,7.4,-1.2,0.0,3.0,8,10,2.5,257,0.1,0.3,17209.93,15716.5,3441986,200
2022-01-14,Friday,4,0,south,24.476574235807863,1374,6.191,214.976,7.4,-1.2,0.0,3.0,8,10,2.5,257,0.1,0.3,14458.12,15321.5,2168718,150
2022-01-17,Monday,0,0,north,18.317063333333333,600,9.896,349.332,7.6,-3.1,0.0,4.0,7,10,7.4,426,0.1,0.2,16187.865,14576.0,3237573,200
2022-01-17,Monday,0,0,south,18.37928654447921,8948,7.776,337.971,7.6,-3.1,0.0,4.0,7,10,7.4,426,0.1,0.2,13336.68,14405.0,2000502,150
2022-01-18,Tuesday,1,0,north,8.800620408163265,245,3.013,28.425,9.4,-4.0,0.0,6.2,13,21,1.0,237,0.2,0.3,16427.59,14797.0,3285518,200
2022-01-18,Tuesday,1,0,south,8.333385403519193,13469,1.594,149.734,9.4,-4.0,0.0,6.2,13,21,1.0,237,0.2,0.3,13801.346666666666,14165.5,2070202,150
2022-01-19,Wednesday,2,0,north,8.811284354014232,9977,2.085,129.219,9.6,2.6,0.4,11.1,21,34,4.9,392,0.2,0.3,16932.94,15396.0,3386588,200
2022-01-19,Wednesday,2,0,south,11.89067463706234,1171,3.138,189.724,9.6,2.6,0.4,11.1,21,34,4.9,392,0.2,0.3,14298.26845637584,15081.0,2130442,149
2022-01-20,Thursday,3,0,north,11.91423059781029,10321,4.659,140.872,6.3,0.6,0.0,6.7,13,15,0.9,260,0.3,0.4,17090.425,15408.0,3418085,200
2022-01-20,Thursday,3,0,south,12.345056074766354,535,5.844,24.101,6.3,0.6,0.0,6.7,13,15,0.9,260,0.3,0.4,14568.161073825504,15377.0,2170656,149
2022-01-24,Monday,0,0,north,30.677422515681744,15145,17.79,257.715,8.7,0.3,0.0,5.1,10,14,5.3,411,0.3,0.4,16515.795,15218.5,3303159,200
2022-01-24,Monday,0,0,south,28.20290511307768,2034,20.544,54.005,8.7,0.3,0.0,5.1,10,14,5.3,411,0.3,0.4,13832.127516778524,14723.0,2060987,149
2022-01-25,Tuesday,1,0,south,13.92805803664739,14353,3.143,165.213,7.5,3.2,0.0,4.0,9,12,0.0,123,0.5,0.7,14399.393333333332,15101.5,2159909,150
2022-01-26,Wednesday,2,0,north,12.774861824537556,20597,3.375,360.115,10.1,4.7,0.2,9.0,15,27,5.1,454,0.3,0.4,17410.675,16225.5,3482135,200
2022-01-26,Wednesday,2,0,south,11.935257359924028,1053,3.786,181.611,10.1,4.7,0.2,9.0,15,27,5.1,454,0.3,0.4,14955.78523489933,15797.0,2228412,149
2022-01-27,Thursday,3,0,north,6.924874651645419,16865,0.646,106.481,10.3,3.4,1.0,9.5,15,21,3.5,386,0.2,0.3,17838.87,16376.0,3567774,200
2022-01-27,Thursday,3,0,south,6.266708333333334,528,2.148,30.65,10.3,3.4,1.0,9.5,15,21,3.5,386,0.2,0.3,15348.16,16005.5,2302224,150
2022-01-28,Friday,4,0,north,2.699741260666116,3633,0.534,149.81,12.0,3.3,0.0,9.6,20,31,0.5,334,0.5,0.6,18237.835,16770.5,3647567,200
2022-01-28,Friday,4,0,south,4.179765625,1664,0.763,94.678,12.0,3.3,0.0,9.6,20,31,0.5,334,0.5,0.6,15993.8,16473.0,2399070,150
2022-02-01,Tuesday,1,0,north,2.952061990212072,1226,0.626,28.237,10.8,8.5,0.3,18.5,25,34,0.1,252,0.7,0.9,17495.35175879397,15779.0,3481575,199
2022-02-01,Tuesday,1,0,south,2.505490095548823,12873,0.166,71.423,10.8,8.5,0.3,18.5,25,34,0.1,252,0.7,0.9,14753.246666666666,15184.5,2212987,150
2022-02-02,Wednesday,2,0,north,9.486694430631529,12066,3.386,84.259,10.3,7.6,0.0,8.7,18,28,0.0,179,0.5,0.7,17773.895,16421.0,3554779,200
2022-02-02,Wednesday,2,0,south,10.682067997504678,1603,4.458,45.676,10.3,7.6,0.0,8.7,18,28,0.0,179,0.5,0.7,15225.818791946307,15926.0,2268647,149
2022-02-03,Thursday,3,0,north,7.615706129260645,19774,0.882,365.678,11.4,4.5,3.5,10.7,29,36,4.3,448,0.7,0.8,18343.38,16447.0,3668676,200
2022-02-03,Thursday,3,0,south,14.797231366459629,1288,3.025,37.813,11.4,4.5,3.5,10.7,29,36,4.3,448,0.7,0.8,15765.489932885906,16629.0,2349058,149
2022-02-04,Friday,4,0,north,3.95928162601626,12300,0.405,57.589,6.6,1.6,1.0,11.8,24,33,5.9,550,0.5,0.7,18589.335,16702.0,3717867,200
2022-02-04,Friday,4,0,south,4.927932596291013,2804,1.572,29.8,6.6,1.6,1.0,11.8,24,33,5.9,550,0.5,0.7,16364.530201342282,16417.0,2438315,149
2022-02-07,Monday,0,0,north,13.488357142857142,238,5.135,48.451,11.4,3.1,0.0,9.4,16,28,0.8,312,0.6,0.8,17212.765,15425.0,3442553,200
2022-02-07,Monday,0,0,south,5.092636971381356,13313,0.272,165.107,11.4,3.1,0.0,9.4,16,28,0.8,312,0.6,0.8,14201.648648648648,14801.5,2101844,148
2022-02-08,Tuesday,1,0,north,2.5199777982638087,13017,0.343,65.091,11.3,7.9,5.0,9.8,16,28,0.0,233,0.5,0.7,17540.595,16073.5,3508119,200
2022-02-08,Tuesday,1,0,south,2.8839776785714286,672,1.168,12.111,11.3,7.9,5.0,9.8,16,28,0.0,233,0.5,0.7,14810.426666666666,14715.5,2221564,150
2022-02-09,Wednesday,2,0,north,16.936023655913978,930,4.742,98.215,7.9,2.7,0.1,8.7,17,26,3.2,506,0.4,0.6,17384.025,15638.0,3476805,200
2022-02-09,Wednesday,2,0,south,11.086700415482175,9146,3.051,186.909,7.9,2.7,0.1,8.7,17,26,3.2,506,0.4,0.6,14825.32,15333.0,2223798,150
2022-02-10,Thursday,3,0,north,8.509834632034632,1155,2.893,116.852,7.0,0.9,0.0,11.9,23,29,6.9,672,0.8,1.1,18181.195,16382.0,3636239,200
2022-02-10,Thursday,3,0,south,7.526091512122202,21407,0.94,170.169,7.0,0.9,0.0,11.9,23,29,6.9,672,0.8,1.1,15599.013333333334,16591.0,2339852,150
2022-02-11,Friday,4,0,north,8.179049030090118,6547,1.612,173.686,8.4,0.6,0.2,10.9,21,34,2.6,491,0.8,1.1,18399.32,16456.5,3679864,200
2022-02-11,Friday,4,0,south,8.103570012882766,10091,1.639,312.956,8.4,0.6,0.2,10.9,21,34,2.6,491,0.8,1.1,16168.080536912752,16119.0,2409044,149
2022-02-14,Monday,0,0,north,7.087890508996054,14951,1.215,238.276,8.3,3.3,0.5,14.3,26,34,5.0,628,0.9,1.3,17497.465,15809.0,3499493,200
2022-02-14,Monday,0,0,south,11.619748478701826,493,2.613,59.48,8.3,3.3,0.5,14.3,26,34,5.0,628,0.9,1.3,14799.503355704695,15953.0,2205126,149
2022-02-15,Tuesday,1,0,north,24.449847133757963,2355,9.166,123.217,10.9,5.8,6.3,11.8,21,35,0.0,311,0.7,1.0,17484.225,15585.0,3496845,200
2022-02-15,Tuesday,1,0,south,21.469773493093346,19112,9.997,259.003,10.9,5.8,6.3,11.8,21,35,0.0,311,0.7,1.0,14977.630872483222,15849.0,2231667,149
2022-02-16,Wednesday,2,0,north,12.075018645357687,10512,0.223,150.301,13.5,6.3,2.4,18.0,29,47,0.8,340,0.9,1.3,17753.059405940596,16182.5,3586118,202
2022-02-16,Wednesday,2,0,south,10.387432555365,13411,0.739,78.061,13.5,6.3,2.4,18.0,29,47,0.8,340,0.9,1.3,15491.31081081081,16175.5,2292714,148
2022-02-17,Thursday,3,0,south,4.838322890790321,21738,0.657,111.806,7.2,3.1,5.2,10.2,18,29,1.4,463,0.8,1.0,15859.469798657718,16782.0,2363061,149
2022-02-18,Friday,4,0,north,4.649254052247535,17953,0.113,381.822,7.6,0.5,5.0,17.5,39,54,2.5,479,0.6,1.0,18104.1592039801,16481.0,3638936,201
2022-02-18,Friday,4,0,south,2.9047978125,3200,0.122,59.187,7.6,0.5,5.0,17.5,39,54,2.5,479,0.6,1.0,16200.28187919463,16569.0,2413842,149
2022-02-22,Tuesday,1,0,north,9.408516621903908,16755,1.896,136.494,10.8,5.7,3.4,14.7,30,41,7.8,902,1.1,1.6,17354.94,15677.5,3470988,200
2022-02-22,Tuesday,1,0,south,9.497800661703888,1209,3.659,31.995,10.8,5.7,3.4,14.7,30,41,7.8,902,1.1,1.6,14832.695945945949,15752.5,2195239,148
2022-02-23,Wednesday,2,0,north,8.817067007534984,14864,1.669,168.589,11.9,3.3,1.6,14.6,24,37,5.7,795,1.4,1.9,15584.71,12768.0,3116942,200
2022-02-23,Wednesday,2,0,south,9.788127423822717,361,2.035,118.283,11.9,3.3,1.6,14.6,24,37,5.7,795,1.4,1.9,13761.513513513511,13517.5,2036704,148
2022-02-24,Thursday,3,0,north,7.7748996996997,3330,1.744,200.937,6.4,0.3,0.8,12.2,24,38,6.8,892,0.9,1.4,17763.35,15902.5,3552670,200
2022-02-24,Thursday,3,0,south,8.11723444620106,10753,1.01,105.025,6.4,0.3,0.8,12.2,24,38,6.8,892,0.9,1.4,15508.054054054051,16172.0,2295192,148
2022-02-25,Friday,4,0,south,12.778312093275488,7376,2.628,292.547,10.6,2.1,0.0,9.7,15,25,6.0,839,1.1,1.5,16246.918918918918,16525.5,2404544,148
2022-02-28,Monday,0,0,north,14.264589448036736,21342,3.358,217.488,9.6,-1.1,3.1,7.3,17,25,1.0,330,0.4,0.7,17672.34,15767.5,3534468,200
2022-02-28,Monday,0,0,south,14.669999440715882,1788,6.54,100.387,9.6,-1.1,3.1,7.3,17,25,1.0,330,0.4,0.7,14939.77027027027,15712.5,2211086,148
2022-03-01,Tuesday,1,0,north,13.193887323057565,15895,2.755,285.122,8.2,-4.4,0.0,8.4,18,25,9.8,1142,0.7,1.2,17779.515,16058.5,3555903,200
2022-03-01,Tuesday,1,0,south,13.234588695343051,2813,3.79,132.575,8.2,-4.4,0.0,8.4,18,25,9.8,1142,0.7,1.2,15188.51677852349,15924.0,2263089,149
2022-03-02,Wednesday,2,0,south,3.522475604611924,14224,0.527,47.687,8.8,5.7,5.6,11.5,18,28,0.0,83,0.6,0.8,15627.412162162162,16145.0,2312857,148
2022-03-03,Thursday,3,0,north,17.50997904540163,859,3.008,140.795,9.8,3.4,0.0,7.2,12,18,6.6,988,0.9,1.3,18518.855,16453.0,3703771,200
2022-03-03,Thursday,3,0,south,9.551001536266872,9113,2.441,66.674,9.8,3.4,0.0,7.2,12,18,6.6,988,0.9,1.3,16133.121621621622,17307.0,2387702,148
2022-03-04,Friday,4,0,north,11.465188622754493,1002,0.87,181.485,8.5,-1.7,0.0,9.9,13,20,9.4,1186,1.0,1.6,18974.435,16528.0,3794887,200
2022-03-04,Friday,4,0,south,5.841259857904085,11260,0.896,222.684,8.5,-1.7,0.0,9.9,13,20,9.4,1186,1.0,1.6,16751.175675675677,17392.0,2479174,148
2022-03-07,Monday,0,0,north,8.395206977197427,5131,2.262,142.363,6.4,0.7,0.0,11.2,18,33,2.1,788,1.1,1.7,17358.705,15370.0,3471741,200
2022-03-07,Monday,0,0,south,6.582252753204549,16617,1.326,103.711,6.4,0.7,0.0,11.2,18,33,2.1,788,1.1,1.7,14398.425675675677,15463.0,2130967,148
2022-03-08,Tuesday,1,0,north,12.21382027838428,14656,1.108,105.744,12.0,4.4,0.6,16.5,25,39,1.6,511,2.0,2.7,17675.54,15846.5,3535108,200
2022-03-08,Tuesday,1,0,south,3.2595604626708727,951,0.696,17.24,12.0,4.4,0.6,16.5,25,39,1.6,511,2.0,2.7,15106.506666666666,15632.0,2265976,150
2022-03-09,Wednesday,2,0,south,3.706069178759895,24256,0.413,110.781,9.7,3.6,15.5,13.5,24,37,0.1,305,0.6,0.9,15377.366666666669,15925.5,2306605,150
2022-03-10,Thursday,3,0,north,7.098613190324053,4382,1.066,77.624,10.9,3.2,0.9,9.5,19,28,6.8,1170,1.5,2.1,18380.25,16780.5,3676050,200
2022-03-10,Thursday,3,0,south,5.849134088927637,11470,0.714,40.947,10.9,3.2,0.9,9.5,19,28,6.8,1170,1.5,2.1,15707.206666666669,16507.5,2356081,150
2022-03-11,Friday,4,0,north,10.91738070495717,7121,0.897,57.604,11.9,6.4,4.3,10.7,18,29,1.7,422,1.1,1.4,18943.355,16896.0,3788671,200
2022-03-11,Friday,4,0,south,5.189536686057422,15987,0.314,48.736,11.9,6.4,4.3,10.7,18,29,1.7,422,1.1,1.4,16259.960264900665,16960.0,2455254,151
2022-03-14,Monday,0,0,north,5.341920163302336,8818,1.162,250.92,11.2,1.4,2.2,8.4,14,25,4.0,842,1.1,1.6,17444.905472636816,15840.0,3506426,201
2022-03-14,Monday,0,0,south,5.705879045996593,587,1.888,32.993,11.2,1.4,2.2,8.4,14,25,4.0,842,1.1,1.6,14288.953333333331,15060.0,2143343,150
2022-03-15,Tuesday,1,0,south,6.208815141621812,11333,0.636,148.027,11.4,0.2,0.0,6.5,13,20,2.4,821,1.2,1.7,14787.08,15857.0,2218062,150
2022-03-16,Wednesday,2,0,north,7.38575,40,5.128,11.207,9.5,3.6,0.3,8.0,13,19,5.9,1125,1.3,1.9,18729.99502487562,16875.0,3764729,201
2022-03-16,Wednesday,2,0,south,7.893677785727061,11182,1.933,83.395,9.5,3.6,0.3,8.0,13,19,5.9,1125,1.3,1.9,15854.885906040268,16423.0,2362378,149
2022-03-22,Tuesday,1,0,north,18.62261001029336,15544,10.565,132.929,15.3,3.4,0.0,8.5,14,21,10.7,1435,1.7,2.5,17729.6815920398,15839.0,3563666,201
2022-03-22,Tuesday,1,0,south,18.46701771763393,7168,10.38,121.563,15.3,3.4,0.0,8.5,14,21,10.7,1435,1.7,2.5,14657.778523489931,14931.0,2184009,149
2022-03-23,Wednesday,2,0,north,18.84047397213437,11699,9.257,94.942,15.5,0.8,0.0,5.7,10,15,9.7,1464,1.7,2.5,18021.457711442785,16943.0,3622313,201
2022-03-23,Wednesday,2,0,south,14.433061440677966,472,8.28,26.232,15.5,0.8,0.0,5.7,10,15,9.7,1464,1.7,2.5,15362.837837837838,16393.0,2273700,148
2022-03-24,Thursday,3,0,north,14.978421519718532,19043,4.541,264.216,17.6,3.1,0.0,3.5,8,11,7.5,1288,1.8,2.4,18348.910447761195,16837.0,3688131,201
2022-03-24,Thursday,3,0,south,23.06516430020284,493,10.872,196.541,17.6,3.1,0.0,3.5,8,11,7.5,1288,1.8,2.4,15703.120805369128,16882.0,2339765,149
2022-03-25,Friday,4,0,north,21.32928258169052,18515,7.818,194.517,16.1,1.2,0.0,4.5,9,11,8.3,1462,1.6,2.3,19082.268656716416,16800.0,3835536,201
2022-03-25,Friday,4,0,south,23.77223017902813,782,14.927,63.431,16.1,1.2,0.0,4.5,9,11,8.3,1462,1.6,2.3,16280.154362416108,16987.0,2425743,149
2022-03-28,Monday,0,0,north,16.33555763888889,17280,8.22,202.519,15.0,-0.3,0.0,4.0,9,15,11.7,1728,1.7,2.4,17374.13930348259,16064.0,3492202,201
2022-03-28,Monday,0,0,south,18.054099866844208,751,9.602,65.084,15.0,-0.3,0.0,4.0,9,15,11.7,1728,1.7,2.4,14352.736486486489,15394.0,2124205,148
2022-03-29,Tuesday,1,0,north,29.32461876699909,17648,16.168,335.137,12.6,3.3,0.0,4.3,8,13,5.1,1028,1.2,1.7,17882.8407960199,16337.0,3594451,201
2022-03-29,Tuesday,1,0,south,27.639167464114838,836,17.831,78.753,12.6,3.3,0.0,4.3,8,13,5.1,1028,1.2,1.7,15505.587837837838,16442.5,2294827,148
2022-03-30,Wednesday,2,0,north,10.79942120765832,2716,1.651,119.8,7.8,1.3,0.8,10.2,19,27,0.2,660,0.9,1.4,18116.825870646768,16211.0,3641482,201
2022-03-30,Wednesday,2,0,south,8.72277941050833,11705,1.85,148.853,7.8,1.3,0.8,10.2,19,27,0.2,660,0.9,1.4,15637.429530201342,16017.0,2329977,149
2022-03-31,Thursday,3,0,south,4.472397492891186,24969,0.728,83.891,7.9,-1.4,0.0,11.8,19,27,7.4,1526,1.9,3.0,16192.72972972973,17108.0,2396524,148
2022-04-01,Friday,4,0,south,4.752723850031506,12696,0.758,241.882,8.5,-2.5,1.6,9.7,14,20,6.6,1379,1.3,2.2,16754.324324324323,17465.0,2479640,148
2022-04-04,Monday,0,0,north,2.496044657013001,18922,0.086,219.483,13.3,8.7,0.1,19.3,27,35,0.3,863,1.3,2.2,17416.830845771143,15442.0,3500783,201
2022-04-04,Monday,0,0,south,2.371754846066134,877,0.529,54.05,13.3,8.7,0.1,19.3,27,35,0.3,863,1.3,2.2,14470.771812080537,15275.0,2156145,149
2022-04-05,Tuesday,1,0,north,10.789918083462132,647,1.274,67.88,12.8,8.4,2.1,14.4,22,33,0.5,946,1.7,2.6,17838.99502487562,16222.0,3585638,201
2022-04-05,Tuesday,1,0,south,5.619888553600655,19552,0.65,134.894,12.8,8.4,2.1,14.4,22,33,0.5,946,1.7,2.6,15105.724832214764,15717.0,2250753,149
2022-04-06,Wednesday,2,0,north,7.326308370044052,227,1.463,90.21,11.9,6.1,2.4,15.5,25,43,5.3,1405,2.1,3.3,18205.43283582089,16388.0,3659292,201
2022-04-06,Wednesday,2,0,south,5.221024741081704,12166,0.72,239.196,11.9,6.1,2.4,15.5,25,43,5.3,1405,2.1,3.3,15940.859060402683,16592.0,2375188,149
2022-04-07,Thursday,3,0,north,7.143077028347996,5115,1.899,85.049,10.7,1.1,0.1,18.8,30,42,7.4,1579,2.1,3.6,18553.64676616916,16468.0,3729283,201
2022-04-07,Thursday,3,0,south,6.979335205571782,4451,1.761,91.192,10.7,1.1,0.1,18.8,30,42,7.4,1579,2.1,3.6,16335.604026845638,17045.0,2434005,149
2022-04-11,Monday,0,0,north,11.701819008724708,10774,3.314,57.864,11.7,7.7,1.7,11.5,19,30,1.8,764,1.8,2.5,15623.268656716418,13499.0,3140277,201
2022-04-11,Monday,0,0,south,11.66579377340824,4272,3.145,42.682,11.7,7.7,1.7,11.5,19,30,1.8,764,1.8,2.5,13354.0,13090.0,1989746,149
2022-04-12,Tuesday,1,0,north,24.11576886035313,1246,15.259,82.488,9.7,4.7,6.5,5.9,13,21,0.0,241,0.5,0.7,16757.420792079207,14296.0,3384999,202
2022-04-12,Tuesday,1,0,south,20.8244753984754,1443,14.707,34.235,9.7,4.7,6.5,5.9,13,21,0.0,241,0.5,0.7,14216.053333333331,14182.0,2132408,150
2022-04-13,Wednesday,2,0,north,7.235842122502456,9159,0.791,147.719,16.4,4.8,0.0,5.3,10,15,2.4,1174,1.8,2.5,18157.505,15920.0,3631501,200
2022-04-13,Wednesday,2,0,south,6.257880952380953,504,1.693,19.699,16.4,4.8,0.0,5.3,10,15,2.4,1174,1.8,2.5,15308.053691275169,15848.0,2280900,149
2022-04-14,Thursday,3,0,north,4.371840909090909,836,0.898,15.337,14.1,3.2,0.0,5.3,11,16,0.1,876,1.4,1.9,15352.615,10050.5,3070523,200
2022-04-14,Thursday,3,0,south,5.136098832341926,22695,0.528,151.203,14.1,3.2,0.0,5.3,11,16,0.1,876,1.4,1.9,14067.328859060402,12986.0,2096032,149
2022-04-15,Friday,4,0,north,6.124337203166228,1895,0.255,138.012,17.3,6.7,0.0,6.5,11,17,4.6,1297,2.0,2.8,21367.072580645163,20221.0,2649517,124
2022-04-15,Friday,4,0,south,2.1973521816982378,21222,0.086,131.877,17.3,6.7,0.0,6.5,11,17,4.6,1297,2.0,2.8,16426.442477876106,16912.0,1856188,113
2022-04-19,Tuesday,1,0,north,8.651594541139241,15168,0.943,157.685,12.0,-0.5,0.0,5.6,10,15,11.9,2222,2.2,3.3,20879.516129032258,19715.0,2589060,124
2022-04-19,Tuesday,1,0,south,9.707098432601882,6380,2.934,392.83,12.0,-0.5,0.0,5.6,10,15,11.9,2222,2.2,3.3,15705.424778761062,16940.0,1774713,113
2022-04-20,Wednesday,2,0,north,7.310377095233637,21358,0.711,120.38,14.3,-2.4,0.0,5.2,13,17,13.3,2325,2.4,3.5,15873.74358974359,12434.0,3095380,195
2022-04-20,Wednesday,2,0,south,11.753397097625331,758,4.071,48.369,14.3,-2.4,0.0,5.2,13,17,13.3,2325,2.4,3.5,13678.081632653062,13372.0,2010678,147
2022-04-21,Thursday,3,0,north,16.824663958147816,8984,7.239,127.675,14.0,1.1,0.0,11.6,18,27,9.4,2073,2.2,3.6,17952.582089552237,15787.0,3608469,201
2022-04-21,Thursday,3,0,south,21.064883610451307,2105,7.777,68.625,14.0,1.1,0.0,11.6,18,27,9.4,2073,2.2,3.6,15153.161073825504,16201.0,2257821,149
2022-04-22,Friday,4,0,north,15.277882978723405,470,5.762,107.612,14.6,7.4,0.0,14.0,20,29,5.6,1478,2.6,3.9,18160.099502487563,15603.0,3650180,201
2022-04-22,Friday,4,0,south,13.561543139542865,14569,5.359,372.683,14.6,7.4,0.0,14.0,20,29,5.6,1478,2.6,3.9,15643.053691275169,16038.0,2330815,149
2022-04-25,Monday,0,0,north,7.642169408488474,19391,1.53,190.489,11.6,3.3,0.0,8.0,13,19,6.3,1726,2.1,3.1,17774.10447761194,15640.0,3572595,201
2022-04-25,Monday,0,0,south,6.3628271711092,1163,1.61,30.943,11.6,3.3,0.0,8.0,13,19,6.3,1726,2.1,3.1,14792.6644295302,15242.0,2204107,149
2022-04-26,Tuesday,1,0,south,14.376432009925558,8060,5.624,140.08,12.9,0.9,0.0,7.1,12,21,7.3,1885,2.0,3.1,15192.106666666668,15404.0,2278816,150
2022-04-27,Wednesday,2,0,north,11.65886433471833,10349,3.595,26.333,12.0,-0.4,0.0,7.5,13,19,9.5,1942,1.8,2.9,18407.174129353232,16484.0,3699842,201
2022-04-27,Wednesday,2,0,south,10.360015228426397,591,3.959,278.759,12.0,-0.4,0.0,7.5,13,19,9.5,1942,1.8,2.9,15840.114864864863,16151.5,2344337,148
2022-04-28,Thursday,3,0,north,15.252970909090909,275,8.87,40.052,12.0,-0.4,0.0,5.4,11,15,6.7,1773,1.9,2.8,18820.44278606965,16363.0,3782909,201
2022-04-28,Thursday,3,0,south,16.100712348415698,23007,6.044,294.643,12.0,-0.4,0.0,5.4,11,15,6.7,1773,1.9,2.8,16123.369127516778,16891.0,2402382,149
2022-04-29,Friday,4,0,north,16.532548387096774,186,10.467,31.162,12.7,-1.0,0.0,5.4,10,15,9.5,1977,2.2,3.2,18940.228855721394,16761.0,3806986,201
2022-04-29,Friday,4,0,south,17.056445729537366,1124,10.055,28.526,12.7,-1.0,0.0,5.4,10,15,9.5,1977,2.2,3.2,16401.135135135137,16638.0,2427368,148
2022-05-03,Tuesday,1,0,north,10.263567080618891,19648,4.436,122.761,16.3,8.8,0.0,4.6,14,20,1.7,1095,1.8,2.5,17381.781094527363,15315.0,3493738,201
2022-05-03,Tuesday,1,0,south,9.22721554054054,1480,3.536,47.583,16.3,8.8,0.0,4.6,14,20,1.7,1095,1.8,2.5,14904.25,15986.5,2205829,148
2022-05-04,Wednesday,2,0,north,5.653643019296254,1762,0.671,95.031,16.8,6.7,0.0,10.0,18,25,8.0,2029,2.7,4.1,18067.695,16067.5,3613539,200
2022-05-04,Wednesday,2,0,south,4.930256008118456,21679,0.331,171.889,16.8,6.7,0.0,10.0,18,25,8.0,2029,2.7,4.1,15768.121621621622,16431.0,2333682,148
2022-05-05,Thursday,3,0,north,7.261469957081545,466,1.645,46.134,16.6,8.3,0.0,5.6,9,13,0.6,1052,1.8,2.5,18105.085,15960.5,3621017,200
2022-05-05,Thursday,3,0,south,5.566904117201314,19795,0.759,251.627,16.6,8.3,0.0,5.6,9,13,0.6,1052,1.8,2.5,16284.510204081633,16986.0,2393823,147
2022-05-06,Friday,4,0,south,3.196437902159542,22690,0.114,272.341,15.1,7.9,9.6,7.2,11,22,0.7,795,1.2,1.7,16702.13422818792,17686.0,2488618,149
2022-05-09,Monday,0,0,north,3.4067707869021087,5833,0.442,158.804,15.0,10.0,1.7,11.2,19,33,0.1,574,1.6,2.2,17452.48258706468,15347.0,3507949,201
2022-05-09,Monday,0,0,south,5.163204708478941,16311,0.215,284.219,15.0,10.0,1.7,11.2,19,33,0.1,574,1.6,2.2,15023.3355704698,15119.0,2238477,149
2022-05-10,Tuesday,1,0,north,6.634781487871714,19706,0.704,206.466,16.8,9.3,0.1,11.2,22,33,7.8,2285,3.5,5.1,17811.50248756219,16007.0,3580112,201
2022-05-10,Tuesday,1,0,south,7.706983624695728,4519,1.965,39.287,16.8,9.3,0.1,11.2,22,33,7.8,2285,3.5,5.1,15681.832214765102,15958.0,2336593,149
2022-05-11,Wednesday,2,0,north,5.024707900577008,22530,0.583,208.38,16.3,8.8,0.2,11.0,21,29,7.3,2021,3.1,4.6,18401.42786069652,16419.0,3698687,201
2022-05-11,Wednesday,2,0,south,6.633919504643964,1615,0.742,127.019,16.3,8.8,0.2,11.0,21,29,7.3,2021,3.1,4.6,16294.644295302014,16730.0,2427902,149
2022-05-12,Thursday,3,0,north,5.819697813638729,3842,1.335,63.885,14.7,6.0,0.7,8.8,16,25,3.3,1414,2.2,3.2,18445.2315270936,16142.0,3744382,203
2022-05-12,Thursday,3,0,south,4.097927074531012,11834,0.211,66.722,14.7,6.0,0.7,8.8,16,25,3.3,1414,2.2,3.2,16283.596026490066,17222.0,2458823,151
2022-05-13,Friday,4,0,south,17.076689713322093,593,9.267,27.305,18.1,10.1,0.0,11.8,19,29,7.6,1857,3.6,5.0,16584.94,17045.5,2487741,150
2022-05-18,Wednesday,2,0,north,23.678859712532567,11897,7.405,116.447,16.3,9.9,1.5,12.6,23,32,3.4,1441,2.6,3.9,17977.441176470587,16152.0,3667398,204
2022-05-18,Wednesday,2,0,south,13.111805747126438,870,6.194,29.966,16.3,9.9,1.5,12.6,23,32,3.4,1441,2.6,3.9,15861.86,16305.0,2379279,150
2022-05-19,Thursday,3,0,north,7.785575,40,4.536,14.471,17.6,6.9,0.0,9.8,17,26,13.4,2388,3.4,5.1,18619.147783251232,16493.0,3779687,203
2022-05-19,Thursday,3,0,south,6.362930467091296,20724,0.967,131.757,17.6,6.9,0.0,9.8,17,26,13.4,2388,3.4,5.1,16320.96,16904.0,2448144,150
2022-05-20,Friday,4,0,north,7.000410821643286,499,1.414,51.14,16.3,10.0,0.5,10.8,21,30,6.4,1721,2.8,4.1,18939.678217821784,17102.0,3825815,202
2022-05-20,Friday,4,0,south,4.2756137689614935,24853,0.398,111.111,16.3,10.0,0.5,10.8,21,30,6.4,1721,2.8,4.1,16743.246666666666,17606.5,2511487,150
2022-05-23,Monday,0,0,north,3.110155094157412,20710,0.122,339.866,15.7,8.4,1.3,9.1,19,26,5.7,1946,2.8,4.2,17362.727722772277,15642.5,3507271,202
2022-05-23,Monday,0,0,south,3.092207301173403,767,0.253,31.076,15.7,8.4,1.3,9.1,19,26,5.7,1946,2.8,4.2,14753.126666666669,15480.0,2212969,150
2022-05-24,Tuesday,1,0,north,2.992088200047935,12517,0.12,101.993,16.6,7.8,0.0,11.0,18,25,5.4,2032,3.2,4.7,17938.45812807882,15877.0,3641507,203
2022-05-24,Tuesday,1,0,south,2.461513147410358,1255,0.304,14.67,16.6,7.8,0.0,11.0,18,25,5.4,2032,3.2,4.7,15393.861842105263,16240.5,2339867,152
2022-05-25,Wednesday,2,0,north,2.971540530024642,23131,0.258,382.026,17.6,9.8,0.7,13.2,22,31,6.7,2156,3.3,5.0,18510.33333333333,17026.5,3776108,204
2022-05-25,Wednesday,2,0,south,4.6418816513761465,1090,0.762,252.831,17.6,9.8,0.7,13.2,22,31,6.7,2156,3.3,5.0,16041.17880794702,16769.0,2422218,151
2022-05-26,Thursday,3,0,south,1.9259489628260424,9738,0.08,85.015,17.6,7.9,2.0,13.0,21,31,5.5,1993,2.9,4.5,16613.72,17703.5,2492058,150
2022-05-27,Friday,4,0,south,7.385990044482101,9442,2.01,40.81,16.8,5.0,0.0,10.6,19,26,14.4,2944,3.8,5.9,16341.286666666669,16627.5,2451193,150
2022-05-30,Monday,0,0,north,7.427234177215189,316,1.633,16.874,13.5,4.9,0.8,9.7,18,26,0.4,1202,1.9,2.9,17454.99019607843,15090.0,3560818,204
2022-05-30,Monday,0,0,south,4.028758796155352,22993,0.251,108.749,13.5,4.9,0.8,9.7,18,26,0.4,1202,1.9,2.9,14564.913333333334,15367.0,2184737,150
2022-05-31,Tuesday,1,0,north,2.8352740235585863,12904,0.194,146.87,15.4,3.4,2.6,10.0,21,27,5.8,1749,2.4,3.7,18093.01470588236,15920.0,3690975,204
2022-05-31,Tuesday,1,0,south,4.482999319882112,8822,0.671,87.459,15.4,3.4,2.6,10.0,21,27,5.8,1749,2.4,3.7,15534.4,16134.5,2330160,150
2022-06-01,Wednesday,2,0,north,3.0355312307502773,8117,0.187,117.219,16.2,3.2,1.3,6.2,10,15,12.9,2636,3.3,4.8,17797.565853658536,15290.0,3648501,205
2022-06-01,Wednesday,2,0,south,3.767312474744559,17323,0.201,296.137,16.2,3.2,1.3,6.2,10,15,12.9,2636,3.3,4.8,15580.34,16421.5,2337051,150
2022-06-02,Thursday,3,0,north,5.105782888465205,4196,0.754,175.56,15.6,2.3,5.4,5.1,13,17,4.0,1353,2.0,2.8,18576.28292682927,16184.0,3808138,205
2022-06-02,Thursday,3,0,south,3.441263622754491,20040,0.252,76.049,15.6,2.3,5.4,5.1,13,17,4.0,1353,2.0,2.8,16294.443708609271,17188.0,2460461,151
2022-06-03,Friday,4,0,south,4.96399597091195,10176,0.673,47.071,15.4,9.4,0.7,9.1,15,26,6.1,1793,2.4,3.7,16200.96,16514.5,2430144,150
2022-06-07,Tuesday,1,0,north,6.682639380221215,21427,1.472,127.689,16.3,3.2,0.4,6.8,12,20,9.7,2433,2.7,4.1,17123.70731707317,15226.0,3510360,205
2022-06-07,Tuesday,1,0,south,5.282709954522487,1979,1.367,15.377,16.3,3.2,0.4,6.8,12,20,9.7,2433,2.7,4.1,14555.94,15105.5,2183391,150
2022-06-08,Wednesday,2,0,north,5.456203746732501,6886,0.62,93.162,18.3,11.3,1.3,11.5,23,32,10.1,2454,3.7,5.5,17501.48780487805,15201.0,3587805,205
2022-06-08,Wednesday,2,0,south,6.041845424371741,8436,0.648,85.417,18.3,11.3,1.3,11.5,23,32,10.1,2454,3.7,5.5,15230.735099337748,15840.0,2299841,151
2022-06-09,Thursday,3,0,south,2.0114317652538425,8588,0.076,134.479,20.3,10.8,4.9,8.3,17,25,4.6,1496,2.7,3.8,15565.529801324505,16442.0,2350395,151
2022-06-10,Friday,4,0,north,8.684417610062892,12720,0.494,109.253,18.5,11.8,4.6,11.0,19,32,9.7,2013,3.1,4.7,18563.635922330097,16593.5,3824109,206
2022-06-10,Friday,4,0,south,7.380356997971602,493,2.609,22.067,18.5,11.8,4.6,11.0,19,32,9.7,2013,3.1,4.7,16045.152317880797,15996.0,2422818,151
2022-06-13,Monday,0,0,north,7.487251013304086,20971,1.522,283.25,15.7,10.2,0.0,7.5,13,17,0.2,1235,2.4,3.3,17180.796116504855,15253.5,3539244,206
2022-06-13,Monday,0,0,south,9.258577519379845,774,1.8,78.199,15.7,10.2,0.0,7.5,13,17,0.2,1235,2.4,3.3,14318.940397350992,15030.0,2162160,151
2022-06-14,Tuesday,1,0,north,4.79164921505868,13122,0.55,110.931,17.3,10.3,0.0,5.7,11,17,1.6,1621,3.0,4.0,17401.97572815534,15008.5,3584807,206
2022-06-14,Tuesday,1,0,south,4.652452112676056,710,0.852,18.555,17.3,10.3,0.0,5.7,11,17,1.6,1621,3.0,4.0,14832.26845637584,15535.0,2210008,149
2022-06-15,Wednesday,2,0,north,6.64026549507843,22249,1.249,141.641,19.4,9.0,0.0,5.2,11,15,10.3,2553,3.8,5.2,18266.18446601942,16435.0,3762834,206
2022-06-15,Wednesday,2,0,south,6.347454918032788,1220,1.026,18.443,19.4,9.0,0.0,5.2,11,15,10.3,2553,3.8,5.2,15700.686666666666,16383.0,2355103,150
2022-06-16,Thursday,3,0,south,4.815449864720833,12197,0.286,37.88,22.6,10.1,0.0,5.6,10,17,3.6,1856,3.5,4.6,15794.825503355703,15705.0,2353429,149
2022-06-17,Friday,4,0,north,5.248758064516129,62,2.009,9.352,18.9,11.3,0.0,8.7,15,25,0.2,895,2.3,3.0,18246.47804878049,15494.0,3740528,205
2022-06-17,Friday,4,0,south,2.057415720690642,10483,0.286,45.829,18.9,11.3,0.0,8.7,15,25,0.2,895,2.3,3.0,15707.21476510067,15611.0,2340375,149
2022-06-20,Monday,0,0,north,13.14095703125,256,5.168,32.692,20.2,5.6,0.0,5.8,11,15,15.5,2960,4.0,5.7,17245.23786407767,15388.5,3552519,206
2022-06-20,Monday,0,0,south,9.6927374301676,9308,3.02,103.12,20.2,5.6,0.0,5.8,11,15,15.5,2960,4.0,5.7,14273.41610738255,14785.0,2126739,149
2022-06-21,Tuesday,1,0,north,3.84475,36,1.696,6.923,18.2,11.3,0.0,5.0,11,15,0.3,1278,2.3,3.1,17534.81951219512,15194.0,3594638,205
2022-06-21,Tuesday,1,0,south,8.172264962923729,15104,1.348,341.188,18.2,11.3,0.0,5.0,11,15,0.3,1278,2.3,3.1,14735.389261744966,15493.0,2195573,149
2022-06-22,Wednesday,2,0,north,9.780742587601075,742,5.532,20.363,19.1,13.8,0.7,3.2,6,9,0.1,994,2.0,2.5,17884.64563106796,15659.5,3684237,206
2022-06-22,Wednesday,2,0,south,7.492275327588845,19613,0.838,185.582,19.1,13.8,0.7,3.2,6,9,0.1,994,2.0,2.5,15684.324324324323,16183.5,2321280,148
2022-06-23,Thursday,3,0,north,6.9395215282589335,10103,1.797,307.801,21.9,13.7,0.0,4.7,9,12,3.9,1691,3.1,4.0,18433.74146341464,16007.0,3778917,205
2022-06-23,Thursday,3,0,south,6.087223599320883,5890,1.565,92.694,21.9,13.7,0.0,4.7,9,12,3.9,1691,3.1,4.0,16321.287671232876,17033.0,2382908,146
2022-06-24,Friday,4,0,north,3.8951564514742554,11633,0.147,310.541,18.3,11.5,1.3,8.4,15,24,4.2,1341,2.3,3.3,18697.073170731703,15772.0,3832900,205
2022-06-24,Friday,4,0,south,2.783567017082786,4566,0.099,31.196,18.3,11.5,1.3,8.4,15,24,4.2,1341,2.3,3.3,15892.403973509934,15928.0,2399753,151
2022-06-27,Monday,0,0,north,5.953427184466019,1236,1.596,17.225,16.9,8.7,0.4,9.5,14,24,6.7,2017,3.2,4.6,17074.024390243903,14718.0,3500175,205
2022-06-27,Monday,0,0,south,5.351871021620117,21554,0.66,165.514,16.9,8.7,0.4,9.5,14,24,6.7,2017,3.2,4.6,14332.826666666666,14793.5,2149924,150
2022-06-28,Tuesday,1,0,south,6.247847593804356,12073,0.477,222.095,18.8,12.3,6.8,10.0,18,30,4.5,1592,3.0,4.2,15052.26,15096.5,2257839,150
2022-06-29,Wednesday,2,0,north,6.356277888714987,18529,0.516,141.674,18.5,11.0,1.5,6.2,11,16,4.5,1697,2.9,4.0,18008.11219512195,15954.0,3691663,205
2022-06-29,Wednesday,2,0,south,5.143598639455782,2646,0.714,51.639,18.5,11.0,1.5,6.2,11,16,4.5,1697,2.9,4.0,15347.51677852349,15684.0,2286780,149
2022-06-30,Thursday,3,0,north,4.213899718011985,17022,0.615,101.328,17.6,11.1,0.6,7.1,14,19,1.3,1310,2.5,3.4,18486.1213592233,16125.5,3808141,206
2022-06-30,Thursday,3,0,south,4.310401282051282,6240,0.647,78.686,17.6,11.1,0.6,7.1,14,19,1.3,1310,2.5,3.4,15741.526666666668,15871.5,2361229,150
2022-07-11,Monday,0,0,north,5.205475656313334,21217,0.714,110.858,27.2,8.9,0.0,5.5,13,21,5.9,2041,4.0,5.2,16454.946341463416,14864.0,3373264,205
2022-07-11,Monday,0,0,south,4.966759689922481,1161,0.727,23.471,27.2,8.9,0.0,5.5,13,21,5.9,2041,4.0,5.2,13423.933774834435,13823.0,2027014,151
2022-07-12,Tuesday,1,0,north,4.491069474835887,20108,0.764,329.493,22.1,10.8,1.0,7.3,14,19,1.2,1103,2.3,3.1,16665.91219512195,14784.0,3416512,205
2022-07-12,Tuesday,1,0,south,5.622887399463807,746,1.249,29.719,22.1,10.8,1.0,7.3,14,19,1.2,1103,2.3,3.1,14052.413333333334,14953.5,2107862,150
2022-07-13,Wednesday,2,0,north,4.229285471491228,18240,0.369,255.608,20.4,10.2,0.0,9.8,14,23,9.2,2311,3.9,5.5,17025.00487804878,14726.0,3490126,205
2022-07-13,Wednesday,2,0,south,3.107281728172817,1111,0.519,16.857,20.4,10.2,0.0,9.8,14,23,9.2,2311,3.9,5.5,14365.313333333334,14666.5,2154797,150
2022-07-14,Thursday,3,0,north,3.5862949042284065,2767,0.482,274.201,19.7,10.9,0.0,9.8,14,21,8.2,2015,3.4,4.8,17291.239024390245,15053.0,3544704,205
2022-07-14,Thursday,3,0,south,3.634665913146936,8405,0.49,176.338,19.7,10.9,0.0,9.8,14,21,8.2,2015,3.4,4.8,14369.887417218542,13664.0,2169853,151
2022-07-15,Friday,4,0,north,4.711517857142858,56,1.922,10.468,21.1,11.6,0.0,8.7,15,21,5.6,2033,3.5,4.9,17291.614634146343,15023.0,3544781,205
2022-07-15,Friday,4,0,south,3.9263135667222353,12597,1.316,267.937,21.1,11.6,0.0,8.7,15,21,5.6,2033,3.5,4.9,14621.174496644297,14301.0,2178555,149
2022-07-18,Monday,0,0,north,9.193745884773662,972,3.026,45.743,29.1,12.9,0.0,4.5,10,14,9.4,2256,4.5,5.8,16352.713592233007,14594.0,3368659,206
2022-07-18,Monday,0,0,south,6.792323449612404,20640,1.543,137.451,29.1,12.9,0.0,4.5,10,14,9.4,2256,4.5,5.8,13469.651006711409,14089.0,2006978,149
2022-07-19,Tuesday,1,0,north,8.211983296213809,1796,2.624,69.199,26.5,14.3,0.4,6.2,14,18,6.0,1784,3.6,4.7,16647.441747572815,14407.5,3429373,206
2022-07-19,Tuesday,1,0,south,8.793116090547569,19614,2.636,132.996,26.5,14.3,0.4,6.2,14,18,6.0,1784,3.6,4.7,13860.926666666666,14343.5,2079139,150
2022-07-20,Wednesday,2,0,north,3.4187944760357434,2462,0.374,73.261,19.0,12.6,0.0,11.7,17,24,0.9,1357,2.8,3.9,16770.70873786408,14729.5,3454766,206
2022-07-20,Wednesday,2,0,south,3.020592646250687,20017,0.16,114.377,19.0,12.6,0.0,11.7,17,24,0.9,1357,2.8,3.9,14476.496644295305,15157.0,2156998,149
2022-07-21,Thursday,3,0,north,5.532441226096738,10668,0.938,282.199,18.0,10.6,0.0,5.9,9,14,0.2,1246,2.5,3.3,16882.271844660194,14150.5,3477748,206
2022-07-21,Thursday,3,0,south,6.897801752464404,5478,1.102,224.59,18.0,10.6,0.0,5.9,9,14,0.2,1246,2.5,3.3,14765.353333333333,15259.0,2214803,150
2022-07-25,Monday,0,0,north,2.575500264224062,11354,0.273,77.137,19.1,12.7,0.2,14.3,21,33,2.2,1473,2.9,4.2,16555.30243902439,14761.0,3393837,205
2022-07-25,Monday,0,0,south,2.8729466553767997,1181,0.292,20.431,19.1,12.7,0.2,14.3,21,33,2.2,1473,2.9,4.2,13894.429530201342,14277.0,2070270,149
2022-07-26,Tuesday,1,0,north,3.0289820567755754,3734,0.354,183.14,17.9,9.0,0.0,6.8,11,17,2.0,1457,2.7,3.6,16726.853658536584,14868.0,3429005,205
2022-07-26,Tuesday,1,0,south,3.212213809057745,11239,0.314,370.85,17.9,9.0,0.0,6.8,11,17,2.0,1457,2.7,3.6,14169.266666666666,15176.0,2125390,150
2022-07-27,Wednesday,2,0,south,4.029016741563133,11349,0.424,56.028,16.6,6.6,0.0,5.1,9,13,1.1,1338,2.1,2.9,14658.395973154362,15256.0,2184101,149
2022-07-28,Thursday,3,0,north,4.216785650587759,12335,0.746,113.705,17.9,10.2,0.0,4.8,11,18,2.2,1638,2.5,3.4,17093.2,14351.0,3504106,205
2022-07-28,Thursday,3,0,south,5.297419945105215,1093,1.071,38.883,17.9,10.2,0.0,4.8,11,18,2.2,1638,2.5,3.4,14675.42,15422.0,2201313,150
2022-07-29,Friday,4,0,north,6.692829938243157,10849,1.281,78.149,21.5,10.1,0.2,5.6,11,17,1.2,1195,2.3,3.1,17389.078048780488,15008.0,3564761,205
2022-07-29,Friday,4,0,south,5.667808548216178,5662,1.284,95.26,21.5,10.1,0.2,5.6,11,17,1.2,1195,2.3,3.1,14556.96,14914.0,2183544,150
2022-08-02,Tuesday,1,0,north,2.559326605504588,4360,0.278,141.911,24.5,16.9,0.2,10.0,14,27,6.1,1657,3.5,4.7,16489.4243902439,14478.0,3380332,205
2022-08-02,Tuesday,1,0,south,1.4536940966010734,3913,0.195,17.688,24.5,16.9,0.2,10.0,14,27,6.1,1657,3.5,4.7,13348.846666666666,14076.0,2002327,150
2022-08-03,Wednesday,2,0,north,3.219950816966496,6059,0.201,43.289,20.4,11.1,0.0,11.5,18,27,6.1,1866,3.1,4.5,16709.18446601942,14813.0,3442092,206
2022-08-03,Wednesday,2,0,south,2.241437665782493,754,0.289,7.146,20.4,11.1,0.0,11.5,18,27,6.1,1866,3.1,4.5,13843.5,13855.0,2076525,150
2022-08-05,Friday,4,0,north,5.038709711732794,18802,0.373,390.512,19.1,6.0,0.0,9.2,16,22,5.7,1822,2.9,4.2,17144.83009708738,15143.0,3531835,206
2022-08-05,Friday,4,0,south,4.3577967914438505,561,0.93,21.431,19.1,6.0,0.0,9.2,16,22,5.7,1822,2.9,4.2,14408.852348993289,14508.0,2146919,149
