date,day_name,day_of_week,is_weekend,daily_mean_pm25,pm25_count,pm25_min,pm25_max,maxtp,mintp,rain,wdsp,hm,hg,sun,g_rad,pe,evap,mean_daily_site_volume,median_daily_site_volume,total_daily_site_volume,n_sites,n_regions
2021-05-06,Thursday,3,0,4.90377640329875,7518,0.702,107.655,12.0,-1.7,0.1,9.9,18,26,12.1,2489,2.8,4.4,17149.5932168698,16134.92857142857,14458493,865,7
2021-05-07,Friday,4,0,8.028252839618355,13206,1.023,764.816,11.1,0.6,0.0,8.5,15,21,11.3,2394,2.7,4.1,17920.225608378976,17037.785714285714,15133373,866,7
2021-05-10,Monday,0,0,4.443266922094509,1566,0.195,101.522,15.3,8.0,3.6,10.8,19,27,2.6,1312,2.4,3.5,16803.592495359728,15754.42857142857,14089843,864,7
2021-05-11,Tuesday,1,0,9.881656545209175,2964,3.73,69.97,14.1,2.6,0.0,9.9,15,23,13.0,2716,2.9,4.7,17419.522592876405,16005.642857142857,14678272,866,7
2021-05-12,Wednesday,2,0,5.86384,650,0.596,31.54,12.3,0.3,1.4,4.8,9,16,3.2,1620,1.9,2.8,17497.22489510393,16398.214285714286,14770830,865,7
2021-05-13,Thursday,3,0,7.057950503355704,4768,0.958,35.333,14.2,1.9,0.0,4.6,8,11,9.1,2068,2.5,3.5,17950.464027312202,16795.785714285714,15121415,865,7
2021-05-14,Friday,4,0,9.7396375796544,17419,1.91,102.269,14.2,2.6,0.0,6.5,12,18,5.3,1872,2.3,3.4,18534.46738081446,17227.285714285714,15614198,865,7
2021-05-17,Monday,0,0,3.897264219183511,20184,0.249,91.487,14.8,4.5,0.7,8.2,15,19,6.9,1769,2.5,3.6,17212.466981441492,15982.57142857143,14481108,866,7
2021-05-18,Tuesday,1,0,5.929657759137208,16690,0.327,129.263,14.0,6.0,2.7,5.9,13,19,8.1,1822,2.4,3.5,17416.761840247826,16300.214285714286,14761589,867,7
2021-05-19,Wednesday,2,0,6.889598897966939,21052,0.44,341.009,16.5,4.7,0.1,7.0,13,18,10.4,2371,3.3,4.7,18006.45176207252,16751.285714285714,15216232,868,7
2021-05-24,Monday,0,0,8.00116813205043,12056,0.349,172.693,14.5,1.3,0.3,11.1,20,28,11.1,2518,3.0,4.8,17227.686115895944,16068.785714285714,14493803,867,7
2021-05-25,Tuesday,1,0,8.161417512841954,8371,1.814,113.704,14.5,5.2,5.1,9.0,16,22,5.7,1550,2.3,3.4,16981.398689079786,15564.642857142857,14767851,875,7
2021-05-26,Wednesday,2,0,9.0463017019082,7756,1.293,161.337,16.1,4.7,0.0,6.1,10,13,7.8,2034,2.8,4.0,17982.56278807251,16788.785714285714,15178921,867,7
2021-05-27,Thursday,3,0,10.376216746117178,13006,0.705,749.449,15.9,7.6,3.2,7.1,13,21,7.7,1900,2.9,4.1,18354.187742669397,17014.214285714286,15496488,868,7
2021-05-31,Monday,0,0,10.105560222672064,5928,0.071,226.496,19.7,5.7,0.0,7.4,15,23,13.9,2888,3.9,5.7,17773.842468737683,16513.571428571428,15009066,868,7
2021-06-01,Tuesday,1,0,17.248193414417088,3371,4.844,113.716,19.6,9.8,0.0,6.5,12,15,11.9,2603,3.7,5.3,18049.454835669978,16903.714285714286,15270684,869,7
2021-06-02,Wednesday,2,0,18.497739047097483,7304,8.347,76.291,17.9,9.7,0.0,6.4,11,15,3.4,1314,2.2,3.1,18048.465507722583,16764.64285714286,15275756,869,7
2021-06-03,Thursday,3,0,6.353200664727877,2407,0.836,88.931,19.1,9.5,0.0,9.0,15,24,11.3,2629,3.8,5.6,18634.03804281203,17386.785714285714,15763722,869,7
2021-06-04,Friday,4,0,6.181281499556344,4508,0.712,184.082,18.9,9.1,0.0,7.5,13,19,7.3,1948,3.4,4.7,18804.748360968097,17471.214285714286,15865996,868,7
2021-06-08,Tuesday,1,0,3.727305458272829,23414,0.181,110.489,19.2,11.6,0.0,8.5,14,25,1.7,1638,2.9,4.1,17243.62891209753,15807.357142857143,14914189,874,7
2021-06-09,Wednesday,2,0,3.796004032258064,25792,0.071,372.056,21.3,13.6,0.0,8.0,14,24,3.6,1549,2.8,3.9,18283.284965719628,16931.428571428572,15452884,869,7
2021-06-10,Thursday,3,0,2.6373445112893643,26928,0.416,550.383,21.6,13.9,0.0,10.3,18,27,5.4,1923,3.3,4.7,18802.441133739474,17514.0,15909192,868,7
2021-06-11,Friday,4,0,8.55200659670165,23345,1.191,315.921,18.4,11.0,0.0,11.2,20,28,4.8,1858,2.9,4.4,19149.33651753081,17674.85714285714,16166279,868,7
2021-06-14,Monday,0,0,8.40410102960103,20202,1.629,300.749,17.8,9.2,0.2,10.5,18,25,4.1,1981,2.8,4.3,17616.130418599576,16179.214285714286,14891554,867,7
2021-06-15,Tuesday,1,0,6.575919927475122,23716,0.595,222.777,22.8,5.7,0.0,7.3,15,25,8.1,2386,3.8,5.3,18184.257486743805,16819.35714285714,15379776,868,7
2021-06-16,Wednesday,2,0,11.620835896951968,10597,3.607,325.463,18.1,9.6,0.6,7.2,13,20,1.3,1264,2.3,3.1,18499.709635593514,17079.785714285714,15627719,867,7
2021-06-17,Thursday,3,0,6.313043483188515,26470,1.116,591.437,18.2,7.9,0.0,8.2,14,21,7.5,2246,3.5,5.0,18767.297867208392,17431.214285714286,15893442,867,7
2021-06-18,Friday,4,0,7.289872163519834,17319,1.022,73.86,16.0,4.0,0.0,6.5,11,16,8.4,2191,3.0,4.3,19157.060765203576,17632.428571428572,16194225,867,7
2021-06-21,Monday,0,0,9.15695158606921,18032,3.038,121.412,18.0,6.3,0.0,11.5,16,23,9.6,2586,3.8,5.8,17570.09086525525,16385.071428571428,14840719,867,7
2021-06-22,Tuesday,1,0,10.449200186089788,21495,0.071,158.658,18.0,5.4,0.2,7.6,15,20,10.6,2703,3.7,5.4,18042.881844480027,16822.85714285714,15223018,867,7
2021-06-23,Wednesday,2,0,2.252717575436739,15112,0.167,32.383,18.6,9.6,8.1,6.1,10,14,0.0,767,1.5,2.0,18076.445368481796,16744.85714285714,15323520,868,7
2021-06-24,Thursday,3,0,9.35456336463698,19806,0.975,191.568,18.6,11.1,2.6,10.8,19,29,3.1,1550,2.3,3.5,18532.603614251853,17239.0,15677901,867,7
2021-06-25,Friday,4,0,5.691534992826955,25791,0.611,225.873,13.8,9.1,0.9,11.0,17,26,0.1,661,1.7,2.3,18847.949450854467,17529.928571428572,15938633,868,7
2021-06-28,Monday,0,0,7.224305280118989,24204,1.909,283.317,19.8,6.5,0.0,5.0,9,15,4.2,1966,3.0,4.1,17388.705402998963,15968.42857142857,14704296,868,7
2021-06-29,Tuesday,1,0,14.996935028631908,36847,5.378,387.972,22.7,7.0,0.0,5.7,9,14,14.9,2730,4.2,5.7,17870.921004974072,16737.928571428572,15220326,869,7
2021-06-30,Wednesday,2,0,11.037742771731516,21409,5.644,134.516,19.4,7.6,0.0,6.2,10,14,8.1,2388,3.4,4.8,18388.81566553083,17196.35714285714,15578902,868,7
2021-07-05,Monday,0,0,5.535783353138166,18514,0.44,348.127,19.0,10.5,0.5,7.5,12,19,7.1,2117,3.4,4.8,17112.29651795782,15804.285714285714,14454391,866,7
2021-07-06,Tuesday,1,0,3.490181966877939,24455,0.071,173.989,16.6,8.8,14.5,6.2,11,16,0.8,832,1.5,2.0,17372.881926916984,15927.92857142857,14688638,865,7
2021-07-07,Wednesday,2,0,9.46783394779531,13562,3.3,196.129,20.3,11.9,0.0,6.6,13,16,2.8,1518,2.7,3.7,17676.972640557888,16286.42857142857,14983575,866,7
2021-07-08,Thursday,3,0,3.7907992573682985,12927,1.085,161.061,19.6,12.1,0.0,5.5,9,13,1.8,1542,2.7,3.6,18339.89717023403,16989.785714285714,15544207,866,7
2021-07-09,Friday,4,0,4.94672098841068,19587,0.469,202.631,17.4,13.9,0.1,4.8,10,14,0.1,773,1.8,2.3,18546.74939909025,17157.785714285714,15713810,867,7
2021-07-12,Monday,0,0,5.996794223097511,19803,0.789,479.899,20.1,13.4,3.7,4.9,8,11,1.4,1027,2.0,2.7,17015.487974765212,15516.285714285714,14426770,868,7
2021-07-13,Tuesday,1,0,6.6100521770858665,24666,1.483,363.601,19.1,10.7,0.1,7.2,12,18,0.8,1167,2.1,2.9,17572.455342148995,16043.714285714286,14902551,868,7
2021-07-14,Wednesday,2,0,3.5519945302885274,14626,0.53,180.565,22.3,10.3,0.0,8.8,13,21,6.6,2288,3.4,4.9,17894.775932657583,16450.714285714286,15271054,868,7
2021-07-15,Thursday,3,0,6.469405386250886,11288,1.5,55.286,24.1,13.1,0.0,7.3,16,19,5.9,2160,3.7,5.0,18198.51318949908,16849.5,15475516,866,7
2021-07-16,Friday,4,0,5.86060276523702,17720,0.674,805.155,24.7,12.2,0.0,4.5,9,13,13.0,2649,4.3,5.7,18464.374618297938,16901.5,15760235,867,7
2021-07-19,Monday,0,0,9.514804217674918,22382,1.922,406.421,23.4,13.7,0.0,6.5,11,14,13.5,2706,4.1,5.7,17016.494259282823,15378.214285714286,14455098,865,7
2021-07-20,Tuesday,1,0,8.323382586856425,23890,0.807,373.212,23.6,12.4,0.0,5.6,9,14,14.7,2695,4.1,5.6,17695.87497357807,16205.357142857143,15099713,867,7
2021-07-21,Wednesday,2,0,6.870211022680222,21737,1.632,120.144,26.0,10.5,0.0,4.8,10,13,14.5,2762,4.4,5.9,17985.112681603507,16347.714285714286,15296410,865,7
2021-07-22,Thursday,3,0,11.369222741558549,24818,2.43,707.149,26.1,10.3,0.0,5.5,11,16,13.8,2475,4.1,5.5,18083.838939648096,16365.857142857143,15348528,866,7
2021-07-23,Friday,4,0,24.36584708687965,24321,10.468,395.07,23.6,13.2,0.0,8.1,14,19,10.1,2275,3.3,4.8,18482.86116730918,16874.64285714286,15663211,865,7
2021-07-26,Monday,0,0,12.16714659151248,24483,4.06,153.811,19.8,10.1,0.0,7.1,12,17,2.5,1056,2.0,2.7,16913.57091657796,15325.357142857143,14307529,866,7
2021-07-27,Tuesday,1,0,6.551461619677004,25573,0.618,278.841,20.0,13.2,5.0,7.0,15,21,0.9,919,2.0,2.6,15750.521354592014,14236.42857142857,14299285,873,7
2021-07-28,Wednesday,2,0,2.3893548019258386,23678,0.146,94.706,16.7,10.7,5.1,11.0,25,36,3.8,1371,2.3,3.3,17643.917981198658,15960.357142857143,14983305,867,7
2021-07-29,Thursday,3,0,4.4079283800753455,23890,0.391,223.668,17.7,10.2,0.0,9.6,17,26,5.1,1634,2.7,3.9,17997.69592505336,16249.92857142857,15300554,867,7
2021-07-30,Friday,4,0,4.021469804134929,3676,1.257,33.873,18.2,12.6,26.9,8.0,15,21,0.4,912,1.8,2.4,18219.939111474447,16389.928571428572,15350911,865,7
2021-08-03,Tuesday,1,0,6.318369841531859,12116,1.48,151.901,17.8,10.0,0.8,3.5,7,10,2.5,997,1.8,2.3,16823.968043767196,15152.07142857143,14166486,865,7
2021-08-04,Wednesday,2,0,8.180610873287671,9344,2.918,92.417,21.8,8.8,0.3,6.0,13,20,4.4,1684,2.8,3.8,17275.638829568616,15610.714285714286,14585721,865,7
2021-08-05,Thursday,3,0,6.112733952202252,20252,0.39,112.674,18.9,13.3,25.8,7.8,18,28,0.6,734,1.6,2.1,17661.64225671568,16088.214285714286,14886845,866,7
2021-08-06,Friday,4,0,4.935959042248136,20924,0.23,181.374,17.9,13.6,1.6,11.3,18,32,2.0,1314,2.1,3.2,18240.970424882657,16590.071428571428,15341407,866,7
2021-08-09,Monday,0,0,3.509514396414191,13163,0.483,274.171,18.6,11.0,3.8,8.3,13,20,2.7,1297,2.1,3.0,16964.39549879994,15376.857142857143,14286646,865,7
2021-08-10,Tuesday,1,0,5.775912891692955,23775,0.845,146.615,19.1,12.3,0.0,5.9,10,15,2.4,1218,2.3,3.0,17389.116234742687,15966.357142857143,14728577,867,7
2021-08-11,Wednesday,2,0,5.435782378693907,21928,0.128,259.682,19.5,8.7,1.5,7.7,15,28,4.3,1184,2.1,2.9,17641.82157556572,16094.5,14916356,866,7
2021-08-12,Thursday,3,0,8.501708596017211,19986,1.846,135.617,19.4,9.9,3.4,9.3,20,32,5.7,1350,2.6,3.5,18133.350124979606,16560.428571428572,15340250,865,7
2021-08-13,Friday,4,0,9.284201696512724,23342,2.158,344.784,19.4,12.0,0.0,10.0,15,29,5.1,1544,3.0,4.1,18525.900664983717,17010.85714285714,15607140,866,7
2021-08-16,Monday,0,0,6.016710889704598,22884,1.253,631.335,16.4,12.0,0.1,13.2,20,29,0.8,1017,2.0,2.9,16960.88625757343,15566.57142857143,14285500,866,7
2021-08-17,Tuesday,1,0,4.440254021971157,19207,0.345,344.484,18.3,12.2,0.1,14.8,23,31,0.6,1200,2.1,3.2,17512.28444620053,15994.0,14786003,867,7
2021-08-18,Wednesday,2,0,3.2304505135387487,2142,0.606,115.243,17.2,11.7,0.0,9.0,13,18,0.2,818,1.7,2.4,17829.334324151238,16446.14285714286,15090948,866,7
2021-08-19,Thursday,3,0,5.77025816905212,22218,0.67,97.111,19.2,10.2,0.4,4.5,10,12,1.0,1033,1.7,2.3,18268.758480807457,16658.071428571428,15464990,866,7
2021-08-20,Friday,4,0,7.88273456549574,17963,0.12,168.738,20.5,12.9,3.9,6.1,12,18,0.5,782,1.5,2.0,18608.685119727892,17157.5,15724476,867,7
2021-08-23,Monday,0,0,4.743474774079288,22021,0.805,64.473,20.4,9.3,0.0,4.4,9,12,11.9,2082,2.7,3.7,17539.289152490295,16076.857142857143,14877179,868,7
2021-08-24,Tuesday,1,0,10.8698496077901,14788,0.071,262.078,20.2,9.9,0.3,5.2,11,16,9.7,1925,2.5,3.5,17910.979610237577,16486.14285714286,15194138,869,7
2021-08-25,Wednesday,2,0,6.938116672506132,19979,2.129,1332.353,21.7,8.6,0.0,4.5,10,14,10.2,1970,2.6,3.6,18280.227218797158,16747.071428571428,15623578,870,7
2021-08-26,Thursday,3,0,11.36661137238136,4678,5.591,104.693,20.8,9.7,0.0,5.5,10,18,12.4,2012,2.6,3.6,18701.65151360342,17183.85714285714,15948531,870,7
2021-08-27,Friday,4,0,9.940397207137316,15468,3.268,173.724,18.6,7.1,0.0,5.8,10,16,9.5,1916,2.3,3.3,18949.360826025233,17307.5,16238693,872,7
2021-08-30,Monday,0,0,4.695743752006237,21807,0.856,111.183,15.0,10.6,0.1,8.9,14,20,0.0,506,1.0,1.4,17839.073555020488,16163.42857142857,15105759,869,7
2021-08-31,Tuesday,1,0,6.796343083149375,16308,1.7,891.537,14.5,12.4,1.1,10.0,15,24,0.1,789,1.6,2.2,18297.551167954523,16583.714285714286,15543168,869,7
2021-09-01,Wednesday,2,0,6.841427391541114,11018,2.251,282.881,17.3,8.6,0.0,8.6,13,23,1.4,967,1.5,2.2,18655.7644137242,17115.785714285714,15863421,868,7
2021-09-02,Thursday,3,0,11.14416738824548,18478,2.466,311.213,15.6,7.4,0.0,8.2,14,20,0.1,659,1.1,1.6,19051.40094749368,17198.285714285714,16174805,868,7
2021-09-03,Friday,4,0,15.375703727411492,20309,3.727,419.469,16.0,8.7,0.0,7.7,13,17,0.0,626,1.0,1.5,19487.8682769464,17711.571428571428,16520804,868,7
2021-09-06,Monday,0,0,14.4027130108261,20506,6.128,123.589,22.9,11.9,0.0,4.2,7,12,11.1,1559,2.3,3.1,17869.126671971786,16570.214285714286,15204012,868,7
2021-09-07,Tuesday,1,0,17.58951977259006,19876,5.899,224.565,21.1,11.4,0.1,6.0,11,13,9.1,1658,2.1,3.0,18617.509482219564,17059.0,15897000,868,7
2021-09-08,Wednesday,2,0,13.703226895854398,19780,5.439,231.263,22.5,11.8,0.1,5.2,12,15,1.4,776,1.6,2.0,18754.558902285684,17244.928571428572,15983873,870,7
2021-09-09,Thursday,3,0,9.199244390413336,14395,0.223,198.719,20.7,15.0,8.6,4.0,9,14,2.6,1005,1.6,2.1,18859.70652015749,17458.785714285714,16136106,872,7
2021-09-10,Friday,4,0,11.47568497983871,19840,3.449,1068.769,20.2,14.7,0.1,6.7,16,19,0.8,638,1.4,1.8,19494.447611024814,18083.428571428572,16620467,871,7
2021-09-13,Monday,0,0,4.187276198439242,14352,0.427,126.145,17.1,6.5,1.2,5.8,12,17,0.2,560,1.0,1.3,17807.482415074945,16403.071428571428,15180220,873,7
2021-09-14,Tuesday,1,0,7.63176487034702,18241,2.07,478.557,19.5,12.3,0.0,5.1,9,12,8.0,1561,2.0,2.8,18331.423266372243,16955.5,15688921,873,7
2021-09-15,Wednesday,2,0,8.463260442976491,20588,0.89,536.928,18.5,12.1,0.0,4.8,11,14,0.1,513,1.2,1.5,18597.779730600792,17032.35714285714,15933488,873,7
2021-09-16,Thursday,3,0,8.79387197931887,17794,0.331,324.008,20.0,10.0,0.0,5.8,11,18,2.1,955,1.6,2.2,19088.840106214757,17623.428571428572,16370849,874,7
2021-09-17,Friday,4,0,7.4007277341947395,17336,0.086,114.194,18.2,12.7,6.3,7.1,13,19,0.0,459,1.1,1.5,19483.55102846161,17791.14285714286,16675878,874,7
2021-09-20,Monday,0,0,7.324382764983257,14633,0.71,194.156,18.1,9.4,0.0,6.9,13,15,4.8,1113,1.6,2.3,17859.32867855859,16396.785714285714,15375171,876,7
2021-09-21,Tuesday,1,0,5.262337612933904,16824,0.424,177.136,17.3,11.7,0.0,6.9,12,20,2.1,881,1.3,1.8,18374.851168038487,17010.428571428572,15756740,873,7
2021-09-22,Wednesday,2,0,5.119566326530612,18620,0.686,180.399,20.2,13.4,0.0,9.3,15,24,7.7,1320,2.2,3.0,18523.379286630407,17084.214285714286,16030604,884,7
2021-09-23,Thursday,3,0,12.748986646257784,18946,4.556,238.944,19.0,12.1,0.1,9.8,18,25,6.1,1092,1.7,2.4,19096.755175366292,17541.214285714286,16375171,875,7
2021-09-24,Friday,4,0,3.5358525433871932,16710,0.349,575.048,20.3,13.6,0.1,9.7,16,25,1.3,676,1.7,2.1,19428.537591396253,17905.64285714286,16631950,874,7
2021-09-27,Monday,0,0,6.047229249641548,25108,0.307,181.572,15.6,8.7,10.4,7.5,24,36,6.9,1134,1.6,2.2,17991.69260426046,16283.714285714286,15396807,874,7
2021-09-28,Tuesday,1,0,4.634811785898096,19430,0.417,145.904,14.7,6.3,0.1,8.0,19,25,5.5,1001,1.6,2.1,18436.395887909162,16772.785714285714,15804963,874,7
2021-09-29,Wednesday,2,0,5.569738997075397,14019,0.862,163.759,14.3,5.0,1.2,10.6,18,25,7.3,1189,1.6,2.3,18947.810497590373,17421.5,16288347,876,7
2021-09-30,Thursday,3,0,8.673348427895458,22613,0.166,129.432,15.9,10.4,4.7,10.2,21,31,0.1,406,1.0,1.3,19356.8577303369,17851.714285714286,16552503,875,7
2021-10-01,Friday,4,0,7.50426684097932,21035,0.678,88.718,13.7,7.9,2.0,11.0,22,32,8.7,1214,1.4,2.1,19916.20160905141,18646.64285714286,17020423,875,7
2021-10-07,Thursday,3,0,3.248847833474936,23540,0.132,215.943,20.2,15.8,0.6,9.4,17,27,1.5,647,1.5,1.8,19315.980362657418,17836.14285714286,16573523,875,7
2021-10-08,Friday,4,0,11.367605806842596,18151,0.571,100.878,19.4,14.7,6.3,6.8,14,21,2.6,607,1.3,1.6,19751.912771515148,18452.5,16931446,875,7
2021-10-11,Monday,0,0,12.293865283877455,18899,3.535,112.435,14.5,5.2,0.0,6.1,9,13,7.4,989,0.9,1.4,18040.283457921232,16517.35714285714,15543009,876,7
2021-10-12,Tuesday,1,0,4.808584239901617,10571,0.769,76.783,14.7,8.6,0.0,8.6,13,18,0.3,494,0.9,1.2,18732.253359131857,17468.928571428572,16073392,875,7
2021-10-14,Thursday,3,0,7.661719512195123,738,3.029,24.493,14.4,10.7,0.0,7.8,14,23,0.1,376,1.0,1.3,19239.81023137704,18040.5,16537334,875,7
2021-10-15,Friday,4,0,7.118390894233014,21415,0.722,549.662,13.1,5.5,0.4,4.9,12,16,5.6,807,0.7,1.0,19705.4867375344,18270.285714285714,16909455,876,7
2021-10-18,Monday,0,0,2.7149872769506915,18942,0.071,334.644,19.0,13.8,0.8,7.7,16,25,1.4,528,1.1,1.4,18041.702286227886,16615.14285714286,15508089,877,7
2021-10-19,Tuesday,1,0,3.943332949259591,23433,0.071,236.635,18.7,10.8,7.7,7.7,15,26,0.7,348,0.9,1.1,18532.69656659629,17178.5,15984598,877,7
2021-10-20,Wednesday,2,0,11.459043782751358,20419,3.075,124.281,12.3,7.3,5.3,7.9,23,31,4.5,580,0.9,1.2,19071.76140553873,17700.785714285714,16433131,877,7
2021-10-21,Thursday,3,0,8.469090795576168,11212,2.233,545.831,11.0,3.6,0.0,11.8,18,23,8.4,858,1.1,1.5,19006.94289565167,17306.928571428572,16474129,877,7
2021-10-22,Friday,4,0,4.008611222719386,21902,0.473,220.182,12.5,6.7,0.2,9.4,16,23,3.5,595,1.1,1.4,19823.536959380253,18288.428571428572,17039038,877,7
2021-10-26,Tuesday,1,0,10.644057511448128,20309,1.744,287.913,17.0,9.7,0.7,13.5,19,33,0.5,333,1.5,1.7,17624.166883727932,16130.357142857143,15134697,876,7
2021-10-27,Wednesday,2,0,2.2527840168243953,19020,0.091,150.706,16.8,14.4,9.8,12.0,16,29,0.0,166,1.0,1.2,18064.899437108066,16642.071428571428,15602369,878,7
2021-10-28,Thursday,3,0,5.124969760022195,21627,0.294,745.484,15.2,10.1,10.7,4.5,12,18,0.9,263,0.5,0.6,18798.900140074322,17353.428571428572,16168535,876,7
2021-10-29,Friday,4,0,7.228657137165056,20078,1.194,174.107,12.9,8.5,7.4,6.3,11,16,4.8,585,0.6,0.9,19426.95797240284,18123.64285714286,16697102,876,7
2021-11-01,Monday,0,0,4.151223477442248,13809,0.498,56.078,10.2,4.7,1.2,12.9,22,35,2.1,366,0.8,1.0,18262.554521162372,16800.785714285714,15709844,875,7
2021-11-02,Tuesday,1,0,6.867669873141225,23806,0.946,422.151,10.1,3.7,0.0,9.0,13,17,4.8,556,0.5,0.7,17893.148914482554,16435.714285714286,15659399,878,7
2021-11-03,Wednesday,2,0,5.181187325809842,21887,0.148,107.686,10.0,3.4,0.0,11.7,19,26,7.6,687,0.6,0.8,18315.203186857456,16893.928571428572,15943381,876,7
2021-11-04,Thursday,3,0,5.179805660104227,13816,0.381,211.166,9.6,3.2,0.0,10.5,15,21,5.8,589,0.6,0.8,19001.233949201305,17535.0,16471948,876,7
2021-11-05,Friday,4,0,6.036448988804623,22152,0.812,534.692,11.0,6.6,0.0,7.5,15,19,0.2,328,0.6,0.8,19979.370039242207,18694.928571428572,17133482,876,7
2021-11-08,Monday,0,0,5.670856686731223,19105,0.81,96.427,16.4,6.1,2.3,7.3,13,25,2.2,326,0.7,0.9,18072.114517173668,16755.785714285714,15513979,876,7
2021-11-09,Tuesday,1,0,7.784949822358495,20547,0.392,140.942,14.0,9.6,0.1,8.6,15,22,2.0,274,0.6,0.8,18542.27630094988,17017.928571428572,15988808,877,7
2021-11-10,Wednesday,2,0,11.925286383976134,23465,2.41,1960.163,11.6,6.9,0.0,3.9,10,13,3.0,443,0.3,0.5,19156.659787675184,17645.85714285714,16451892,876,7
2021-11-11,Thursday,3,0,3.488355394474209,19038,0.071,185.862,14.3,3.7,1.1,9.1,19,29,0.1,219,0.6,0.8,19511.97508669375,18070.714285714286,16879482,879,7
2021-11-12,Friday,4,0,4.428190869465474,17436,0.289,381.352,13.2,10.0,0.7,15.0,23,32,0.5,232,0.9,1.1,20315.92577040404,18739.35714285714,17468801,877,7
2021-11-15,Monday,0,0,6.680482386634845,20950,1.264,102.827,12.4,5.9,0.7,5.5,15,19,1.7,279,0.2,0.3,18119.161041773667,16452.214285714286,15556153,876,7
2021-11-16,Tuesday,1,0,6.0135460051359075,20639,0.491,297.57,10.9,7.4,0.0,8.0,16,25,0.3,176,0.5,0.7,17319.47551122057,15974.857142857143,15742897,917,7
2021-11-17,Wednesday,2,0,17.37963064726814,22201,6.582,298.088,10.9,6.8,0.0,9.1,15,22,0.2,260,0.6,0.7,18802.053072255432,17193.85714285714,16255295,878,7
2021-11-18,Thursday,3,0,4.173451707045907,21587,0.215,401.381,13.3,10.4,0.0,9.5,14,25,0.3,209,0.6,0.7,19161.605754931294,17562.214285714286,16599783,879,7
2021-11-19,Friday,4,0,3.0729847104749513,21518,0.114,122.411,12.3,8.9,0.0,6.5,11,18,2.9,353,0.5,0.6,19552.211671460558,17961.64285714286,16921582,879,7
2021-11-23,Tuesday,1,0,7.511307782411095,21343,0.921,173.049,7.0,-0.1,0.0,5.9,10,13,0.0,123,0.4,0.5,18032.08807884526,16527.071428571428,15630813,880,7
2021-11-24,Wednesday,2,0,6.912676963993454,24440,1.982,314.646,7.3,1.0,0.3,8.1,17,21,0.2,192,0.3,0.4,18127.83812451622,16548.428571428572,15655106,879,7
2021-11-25,Thursday,3,0,13.402163657542223,13736,4.334,125.51,6.1,0.7,0.0,10.7,16,24,2.6,345,0.4,0.4,19065.292685794127,17466.928571428572,16480993,877,7
2021-11-26,Friday,4,0,9.201458273266056,18729,0.574,285.749,8.0,1.6,0.3,19.2,28,38,3.5,308,0.5,0.6,19566.63971271455,18061.928571428572,16818409,876,7
2021-11-29,Monday,0,0,5.3956685271460865,21679,0.62,377.994,9.1,1.4,0.0,8.8,17,26,0.1,167,0.3,0.4,17876.07163865267,16335.42857142857,15301765,876,7
2021-11-30,Tuesday,1,0,2.6892589280875736,18453,0.21,196.802,10.7,7.9,4.3,14.4,25,35,0.1,122,0.5,0.7,18210.64427719236,16675.285714285714,15672474,877,7
2021-12-01,Wednesday,2,0,8.741682354041915,21376,0.694,144.587,8.0,1.1,0.5,16.4,26,38,2.8,241,0.4,0.5,18835.324333887398,17297.214285714286,16159519,877,7
2021-12-02,Thursday,3,0,10.156973488445711,12636,2.24,189.555,8.0,0.9,8.2,8.5,13,25,2.6,291,0.1,0.1,19306.100352585352,17555.928571428572,16489892,875,7
2021-12-03,Friday,4,0,17.86118254359618,22307,5.963,234.63,9.0,5.8,1.3,8.0,23,33,0.0,87,0.4,0.5,19695.06040352574,18068.14285714286,17076230,879,7
2021-12-06,Monday,0,0,8.406419342540032,23606,0.882,205.711,7.3,1.9,2.4,10.5,17,28,4.8,281,0.2,0.2,18113.840230401263,16391.5,15632880,880,7
2021-12-07,Tuesday,1,0,7.115048804923429,20961,0.244,63.697,8.6,1.8,10.8,16.8,29,48,2.1,242,0.4,0.5,15335.93918347028,14023.642857142857,13205437,880,7
2021-12-08,Wednesday,2,0,11.28753282211174,11867,4.0,55.926,5.7,1.9,8.5,24.4,35,50,0.1,112,0.8,1.2,17432.768891759035,15981.214285714286,15041269,880,7
2021-12-09,Thursday,3,0,6.869165146489773,21708,0.285,99.584,9.3,2.5,0.2,10.6,21,28,0.1,154,0.4,0.5,19254.85988519498,17829.714285714286,16749692,881,7
2021-12-10,Friday,4,0,11.36388787096774,7750,4.552,147.062,5.9,1.1,0.0,11.8,17,25,6.3,313,0.3,0.3,19808.902157560635,18088.35714285714,17152739,881,7
2021-12-13,Monday,0,0,15.27057489363783,20449,3.433,291.505,7.9,0.4,0.0,4.0,11,17,0.0,110,0.3,0.4,17738.20320700393,16186.92857142857,15381068,882,7
2021-12-14,Tuesday,1,0,5.433541717049577,20675,0.916,83.877,9.0,-1.4,0.0,7.5,12,21,6.5,328,0.1,0.1,18940.07807156086,17240.571428571428,16420123,882,7
2021-12-15,Wednesday,2,0,5.461494051964784,23285,0.451,284.956,11.2,7.3,0.0,8.5,14,24,6.2,308,0.3,0.3,19267.686757151998,17586.5,16746257,884,7
2021-12-16,Thursday,3,0,9.633968670309654,10980,2.085,131.675,11.6,5.4,0.0,3.8,8,12,1.8,188,0.3,0.4,19554.071971103764,17850.428571428572,17056036,884,7
2021-12-17,Friday,4,0,10.155234927234927,17316,3.356,216.157,9.3,5.7,0.0,7.0,10,19,0.0,70,0.6,0.7,20311.323386411997,18639.571428571428,17595654,883,7
2021-12-20,Monday,0,0,10.74542001142323,19259,3.125,111.712,7.2,5.7,0.0,7.1,13,18,0.0,70,0.5,0.7,19056.87929616393,17296.928571428572,16501485,883,7
2021-12-21,Tuesday,1,0,18.12852999898652,19734,5.74,230.085,6.6,4.8,0.0,9.3,17,25,0.0,58,0.8,1.0,19162.1553883224,17472.35714285714,16605887,884,7
2021-12-22,Wednesday,2,0,8.722738387978142,1464,3.491,23.215,10.3,5.2,6.6,12.8,21,29,0.0,50,0.6,0.8,19123.98435476628,17543.428571428572,16565718,884,7
2021-12-23,Thursday,3,0,7.80858833360289,18549,0.499,94.948,13.0,4.3,0.0,7.4,13,22,2.6,225,0.2,0.2,18411.34771363084,17000.64285714286,15944153,884,7
2021-12-24,Friday,4,0,18.133645660512,22422,3.61,86.704,9.9,1.7,2.2,7.2,15,22,0.0,60,0.3,0.4,15178.265293263128,13969.785714285714,13115806,884,7
2022-01-04,Tuesday,1,0,11.71599797102817,21193,3.485,94.867,3.8,-0.3,0.0,12.0,17,23,5.7,307,0.4,0.4,14793.572896769305,13446.785714285714,12824096,884,7
2022-01-06,Thursday,3,0,7.412764096566702,11971,1.188,67.58,9.0,-0.1,3.5,11.2,18,31,1.3,139,0.6,0.8,15768.39836309662,14250.642857142857,13701226,884,7
2022-01-07,Friday,4,0,4.988351486731323,18766,0.482,146.468,6.8,0.3,2.7,9.2,14,24,1.4,150,0.3,0.5,16551.946889880564,14915.142857142857,14351417,885,7
2022-01-10,Monday,0,0,4.840997961402555,22074,0.707,1317.421,12.1,6.2,0.7,6.5,14,20,0.1,204,0.3,0.4,16026.36341918338,14443.857142857143,13970502,887,7
2022-01-11,Tuesday,1,0,17.722284829264694,13559,6.627,132.629,8.3,4.3,0.0,5.5,9,14,5.3,316,0.2,0.3,16362.456304170304,14963.357142857143,14378588,890,7
2022-01-12,Wednesday,2,0,13.196560217339949,21165,2.813,510.759,10.1,4.0,0.0,5.5,9,15,7.1,396,0.2,0.3,16933.59833073666,15415.42857142857,14795457,887,7
2022-01-13,Thursday,3,0,11.60119666274758,22114,2.64,247.495,6.2,2.0,0.0,4.7,11,18,2.0,231,0.3,0.4,17216.26773403923,15731.785714285714,15088481,888,7
2022-01-14,Friday,4,0,22.123478559503937,20965,6.191,484.827,7.4,-1.2,0.0,3.0,8,10,2.5,257,0.1,0.3,17833.700122920454,16241.57142857143,15605820,890,7
2022-01-17,Monday,0,0,18.479877172774867,9550,7.776,540.56,7.6,-3.1,0.0,4.0,7,10,7.4,426,0.1,0.2,16641.447891493233,15037.5,14645335,890,7
2022-01-18,Tuesday,1,0,8.341732536094502,13714,1.594,149.734,9.4,-4.0,0.0,6.2,13,21,1.0,237,0.2,0.3,17018.95672997912,15226.92857142857,14980483,890,7
2022-01-19,Wednesday,2,0,9.134747398636527,11148,2.085,189.724,9.6,2.6,0.4,11.1,21,34,4.9,392,0.2,0.3,17481.464858959596,15917.214285714286,15380942,889,7
2022-01-20,Thursday,3,0,11.935462324981575,10856,4.659,140.872,6.3,0.6,0.0,6.7,13,15,0.9,260,0.3,0.4,17645.0237446304,16112.285714285714,15564778,890,7
2022-01-24,Monday,0,0,30.384438733337213,17179,17.79,257.715,8.7,0.3,0.0,5.1,10,14,5.3,411,0.3,0.4,16921.317670781118,15502.0,14917485,889,7
2022-01-25,Tuesday,1,0,13.92805803664739,14353,3.143,165.213,7.5,3.2,0.0,4.0,9,12,0.0,123,0.5,0.7,17526.84556874015,16038.92857142857,15442115,888,7
2022-01-26,Wednesday,2,0,12.78058641234066,21652,3.375,621.165,10.1,4.7,0.2,9.0,15,27,5.1,454,0.3,0.4,17805.247522642232,16506.285714285714,15760180,888,7
2022-01-27,Thursday,3,0,6.904894670269648,17393,0.646,106.481,10.3,3.4,1.0,9.5,15,21,3.5,386,0.2,0.3,18306.423929840592,16842.285714285714,16180810,889,7
2022-01-28,Friday,4,0,3.1646762318293375,5297,0.534,149.81,12.0,3.3,0.0,9.6,20,31,0.5,334,0.5,0.6,18972.2717845356,17387.35714285714,16674971,890,7
2022-02-01,Tuesday,1,0,2.544322434215193,14099,0.166,71.423,10.8,8.5,0.3,18.5,25,34,0.1,252,0.7,0.9,17845.84777466168,16301.714285714286,15719184,889,7
2022-02-02,Wednesday,2,0,9.62687906942717,13669,3.386,84.259,10.3,7.6,0.0,8.7,18,28,0.0,179,0.5,0.7,18221.907484860116,16747.0,16064695,889,7
2022-02-03,Thursday,3,0,8.054876412496439,21062,0.882,365.678,11.4,4.5,3.5,10.7,29,36,4.3,448,0.7,0.8,18811.017526409883,17128.5,16539923,888,7
2022-02-04,Friday,4,0,4.13910798463983,15104,0.405,57.589,6.6,1.6,1.0,11.8,24,33,5.9,550,0.5,0.7,19343.28656292891,17434.85714285714,17010345,890,7
2022-02-07,Monday,0,0,5.29495867768595,13552,0.272,748.775,11.4,3.1,0.0,9.4,16,28,0.8,312,0.6,0.8,17468.17364279961,16005.142857142857,15348209,889,7
2022-02-08,Tuesday,1,0,2.5378467382569947,13689,0.343,65.091,11.3,7.9,5.0,9.8,16,28,0.0,233,0.5,0.7,17975.628299496537,16237.357142857143,15836706,892,7
2022-02-09,Wednesday,2,0,11.626584358872568,10076,3.051,186.909,7.9,2.7,0.1,8.7,17,26,3.2,506,0.4,0.6,17899.1318156228,16167.07142857143,15865671,892,7
2022-02-10,Thursday,3,0,7.576451555713145,22562,0.94,170.169,7.0,0.9,0.0,11.9,23,29,6.9,672,0.8,1.1,18786.05717217922,17017.571428571428,16570028,892,7
2022-02-11,Friday,4,0,8.190919831730769,16640,1.612,504.074,8.4,0.6,0.2,10.9,21,34,2.6,491,0.8,1.1,19127.833575806482,17337.14285714286,16839339,890,7
2022-02-14,Monday,0,0,7.232555490805491,15444,1.215,238.276,8.3,3.3,0.5,14.3,26,34,5.0,628,0.9,1.3,17789.698317763115,16296.142857142857,15712361,891,7
2022-02-15,Tuesday,1,0,21.79669730283691,21467,9.166,259.003,10.9,5.8,6.3,11.8,21,35,0.0,311,0.7,1.0,17769.077868160875,15998.214285714286,15772009,891,7
2022-02-16,Wednesday,2,0,11.128974376123397,23923,0.223,150.301,13.5,6.3,2.4,18.0,29,47,0.8,340,0.9,1.3,18305.20659035301,16781.785714285714,16128511,891,7
2022-02-17,Thursday,3,0,4.838322890790321,21738,0.657,111.806,7.2,3.1,5.2,10.2,18,29,1.4,463,0.8,1.0,18950.949424804276,17287.214285714286,16617913,889,7
2022-02-18,Friday,4,0,4.409495414578803,21154,0.113,515.055,7.6,0.5,5.0,17.5,39,54,2.5,479,0.6,1.0,18978.51253152527,17181.428571428572,16592676,889,7
2022-02-22,Tuesday,1,0,9.414525551102203,17964,1.896,136.494,10.8,5.7,3.4,14.7,30,41,7.8,902,1.1,1.6,17808.89717005827,16629.714285714286,15589585,888,7
2022-02-23,Wednesday,2,0,8.840091822660098,15225,1.669,168.589,11.9,3.3,1.6,14.6,24,37,5.7,795,1.4,1.9,15408.893114624838,13730.357142857143,13818396,890,7
2022-02-24,Thursday,3,0,8.036287580771143,14083,1.01,200.937,6.4,0.3,0.8,12.2,24,38,6.8,892,0.9,1.4,18331.022097846675,16608.714285714286,16085634,888,7
2022-02-25,Friday,4,0,12.838644842076723,7377,2.628,457.853,10.6,2.1,0.0,9.7,15,25,6.0,839,1.1,1.5,19000.700698810728,17456.571428571428,16582888,888,7
2022-02-28,Monday,0,0,14.295928534370946,23130,3.358,217.488,9.6,-1.1,3.1,7.3,17,25,1.0,330,0.4,0.7,18033.200287219825,16228.785714285714,15824395,888,7
2022-03-01,Tuesday,1,0,13.551213240008549,18716,2.755,1343.532,8.2,-4.4,0.0,8.4,18,25,9.8,1142,0.7,1.2,18333.93050282796,16734.0,16148606,890,7
2022-03-02,Wednesday,2,0,3.5224756046119237,14224,0.527,47.687,8.8,5.7,5.6,11.5,18,28,0.0,83,0.6,0.8,18608.397228933078,16807.071428571428,16258498,887,7
2022-03-03,Thursday,3,0,10.236597372643402,9972,2.441,140.795,9.8,3.4,0.0,7.2,12,18,6.6,988,0.9,1.3,19198.08237539266,17396.428571428572,16852405,888,7
2022-03-04,Friday,4,0,6.300824090686675,12262,0.87,222.684,8.5,-1.7,0.0,9.9,13,20,9.4,1186,1.0,1.6,19811.67412830147,17903.214285714286,17374830,888,7
2022-03-07,Monday,0,0,7.009982573110171,21748,1.326,142.363,6.4,0.7,0.0,11.2,18,33,2.1,788,1.1,1.7,17745.018696585812,16266.642857142857,15586203,891,7
2022-03-08,Tuesday,1,0,11.668199654001407,15607,0.696,105.744,12.0,4.4,0.6,16.5,25,39,1.6,511,2.0,2.7,18155.568143898436,16362.07142857143,15997207,894,7
2022-03-09,Wednesday,2,0,3.7060691787598943,24256,0.413,110.781,9.7,3.6,15.5,13.5,24,37,0.1,305,0.6,0.9,18191.860525257693,16540.428571428572,16082013,893,7
2022-03-10,Thursday,3,0,6.1945300908402725,15852,0.714,77.624,10.9,3.2,0.9,9.5,19,28,6.8,1170,1.5,2.1,18896.614517653652,17257.571428571428,16672182,893,7
2022-03-11,Friday,4,0,6.954638696555305,23108,0.314,57.604,11.9,6.4,4.3,10.7,18,29,1.7,422,1.1,1.4,19469.217968032735,17793.285714285714,17081466,891,7
2022-03-14,Monday,0,0,5.364636150983519,9405,1.162,250.92,11.2,1.4,2.2,8.4,14,25,4.0,842,1.1,1.6,17676.73568871054,15793.785714285714,15618190,897,7
2022-03-15,Tuesday,1,0,6.208815141621812,11333,0.636,148.027,11.4,0.2,0.0,6.5,13,20,2.4,821,1.2,1.7,18126.289092329913,16432.5,16002036,897,7
2022-03-16,Wednesday,2,0,7.891867314204242,11222,1.933,83.395,9.5,3.6,0.3,8.0,13,19,5.9,1125,1.3,1.9,19316.834109319145,17577.64285714286,16931034,892,7
2022-03-22,Tuesday,1,0,18.573504446988377,22712,10.38,132.929,15.3,3.4,0.0,8.5,14,21,10.7,1435,1.7,2.5,17988.576607603165,16262.785714285714,15868165,895,7
2022-03-23,Wednesday,2,0,18.669551392654668,12171,8.28,94.942,15.5,0.8,0.0,5.7,10,15,9.7,1464,1.7,2.5,18511.594854043058,16953.85714285714,16294227,891,7
2022-03-24,Thursday,3,0,15.182494215806717,19536,4.541,264.216,17.6,3.1,0.0,3.5,8,11,7.5,1288,1.8,2.4,18912.511593138188,17345.428571428572,16680550,894,7
2022-03-25,Friday,4,0,21.42828164999741,19297,7.818,194.517,16.1,1.2,0.0,4.5,9,11,8.3,1462,1.6,2.3,19530.95972745489,18067.285714285714,17160489,892,7
2022-03-28,Monday,0,0,16.407135766180467,18031,8.22,202.519,15.0,-0.3,0.0,4.0,9,15,11.7,1728,1.7,2.4,17733.29204412527,16466.14285714286,15622225,895,7
2022-03-29,Tuesday,1,0,29.248388660463103,18484,16.168,335.137,12.6,3.3,0.0,4.3,8,13,5.1,1028,1.2,1.7,18361.888167693935,17006.785714285714,16215917,893,7
2022-03-30,Wednesday,2,0,9.113886762360448,14421,1.651,148.853,7.8,1.3,0.8,10.2,19,27,0.2,660,0.9,1.4,18537.04695823658,16961.0,16410125,893,7
2022-03-31,Thursday,3,0,4.472397492891186,24969,0.728,83.891,7.9,-1.4,0.0,11.8,19,27,7.4,1526,1.9,3.0,19236.67261548806,18042.0,16900355,892,7
2022-04-01,Friday,4,0,4.752723850031506,12696,0.758,241.882,8.5,-2.5,1.6,9.7,14,20,6.6,1379,1.3,2.2,19676.92297310735,17961.5,17258519,892,7
2022-04-04,Monday,0,0,2.4905392191524824,19799,0.086,219.483,13.3,8.7,0.1,19.3,27,35,0.3,863,1.3,2.2,17769.213903204527,16148.5,15664180,894,7
2022-04-05,Tuesday,1,0,5.785491261943661,20199,0.65,134.894,12.8,8.4,2.1,14.4,22,33,0.5,946,1.7,2.6,18440.29340236875,16970.714285714286,16216924,892,7
2022-04-06,Wednesday,2,0,5.259586782861293,12393,0.72,239.196,11.9,6.1,2.4,15.5,25,43,5.3,1405,2.1,3.3,18971.981824146067,17508.64285714286,16689698,892,7
2022-04-07,Thursday,3,0,7.066888981810579,9566,1.761,91.192,10.7,1.1,0.1,18.8,30,42,7.4,1579,2.1,3.6,19352.314116130343,17753.428571428572,17028625,893,7
2022-04-11,Monday,0,0,11.691590389472283,15046,3.145,57.864,11.7,7.7,1.7,11.5,19,30,1.8,764,1.8,2.5,16715.64164214031,14939.214285714286,14584647,891,7
2022-04-12,Tuesday,1,0,22.349559687616217,2689,14.707,82.488,9.7,4.7,6.5,5.9,13,21,0.0,241,0.5,0.7,17333.430458491708,15186.42857142857,15307324,892,7
2022-04-13,Wednesday,2,0,7.184833902514748,9663,0.791,147.719,16.4,4.8,0.0,5.3,10,15,2.4,1174,1.8,2.5,18641.655888155346,16884.64285714286,16300346,889,7
2022-04-14,Thursday,3,0,5.1089465811057755,23531,0.528,151.203,14.1,3.2,0.0,5.3,11,16,0.1,876,1.4,1.9,14938.951063885854,11461.42857142857,13789319,889,7
2022-04-15,Friday,4,0,2.519264048103127,23117,0.086,138.012,17.3,6.7,0.0,6.5,11,17,4.6,1297,2.0,2.8,20998.18727735245,19600.14285714286,11969077,616,7
2022-04-19,Tuesday,1,0,8.989602440948536,21549,0.943,558.269,12.0,-0.5,0.0,5.6,10,15,11.9,2222,2.2,3.3,20771.010158985657,19261.5,11849095,616,7
2022-04-20,Wednesday,2,0,7.462656402604449,22116,0.711,120.38,14.3,-2.4,0.0,5.2,13,17,13.3,2325,2.4,3.5,15828.078647360235,13352.142857142857,13904356,863,7
2022-04-21,Thursday,3,0,17.629575344936423,11089,7.239,127.675,14.0,1.1,0.0,11.6,18,27,9.4,2073,2.2,3.6,18365.9592591935,16890.285714285714,16047462,886,7
2022-04-22,Friday,4,0,13.615182325952524,15039,5.359,372.683,14.6,7.4,0.0,14.0,20,29,5.6,1478,2.6,3.9,18880.661738320203,17148.428571428572,16444441,886,7
2022-04-25,Monday,0,0,7.569780821251338,20554,1.53,190.489,11.6,3.3,0.0,8.0,13,19,6.3,1726,2.1,3.1,18336.756899298653,16607.64285714286,15920534,885,7
2022-04-26,Tuesday,1,0,14.376432009925558,8060,5.624,140.08,12.9,0.9,0.0,7.1,12,21,7.3,1885,2.0,3.1,18670.67937556981,17226.14285714286,16220749,887,7
2022-04-27,Wednesday,2,0,11.74045673032989,10943,3.595,687.232,12.0,-0.4,0.0,7.5,13,19,9.5,1942,1.8,2.9,19210.559572186638,17940.571428571428,16534283,884,7
2022-04-28,Thursday,3,0,16.09069908083498,23282,6.044,294.643,12.0,-0.4,0.0,5.4,11,15,6.7,1773,1.9,2.8,19438.502505818025,18127.928571428572,16847838,884,7
2022-04-29,Friday,4,0,16.982060305343513,1310,10.055,31.162,12.7,-1.0,0.0,5.4,10,15,9.5,1977,2.2,3.2,19653.78469021484,18243.428571428572,16963154,883,7
2022-05-03,Tuesday,1,0,10.190971459674364,21128,3.536,122.761,16.3,8.8,0.0,4.6,14,20,1.7,1095,1.8,2.5,18050.502277942687,16480.428571428572,15712716,884,7
2022-05-04,Wednesday,2,0,4.984631159080244,23441,0.331,171.889,16.8,6.7,0.0,10.0,18,25,8.0,2029,2.7,4.1,18951.10346952456,17603.35714285714,16394902,884,7
2022-05-05,Thursday,3,0,5.605878880608064,20261,0.759,251.627,16.6,8.3,0.0,5.6,9,13,0.6,1052,1.8,2.5,18844.510432245046,17410.285714285714,16436303,881,7
2022-05-06,Friday,4,0,3.196437902159542,22690,0.114,272.341,15.1,7.9,9.6,7.2,11,22,0.7,795,1.2,1.7,19742.924829222728,18005.928571428572,17117734,886,7
2022-05-09,Monday,0,0,4.700538565751445,22144,0.215,284.219,15.0,10.0,1.7,11.2,19,33,0.1,574,1.6,2.2,18073.632416707416,16248.0,15724826,887,7
2022-05-10,Tuesday,1,0,6.852294435730207,24226,0.704,430.822,16.8,9.3,0.1,11.2,22,33,7.8,2285,3.5,5.1,18694.963538240965,17183.35714285714,16290885,886,7
2022-05-11,Wednesday,2,0,5.1323441292193,24145,0.583,208.38,16.3,8.8,0.2,11.0,21,29,7.3,2021,3.1,4.6,19238.74518371693,17449.571428571428,16783750,888,7
2022-05-12,Thursday,3,0,4.519912477672876,15676,0.211,66.722,14.7,6.0,0.7,8.8,16,25,3.3,1414,2.2,3.2,19335.01220258479,17621.14285714286,16953793,892,7
2022-05-13,Friday,4,0,17.076689713322093,593,9.267,27.305,18.1,10.1,0.0,11.8,19,29,7.6,1857,3.6,5.0,19794.992294043655,18161.5,17227683,887,7
2022-05-18,Wednesday,2,0,22.958773791807,12767,6.194,116.447,16.3,9.9,1.5,12.6,23,32,3.4,1441,2.6,3.9,19059.330651550088,17412.571428571428,16618290,890,7
2022-05-19,Thursday,3,0,6.365671065305336,20764,0.967,131.757,17.6,6.9,0.0,9.8,17,26,13.4,2388,3.4,5.1,19573.165131816164,17977.5,17081763,889,7
2022-05-20,Friday,4,0,4.329245582202588,25352,0.398,111.111,16.3,10.0,0.5,10.8,21,30,6.4,1721,2.8,4.1,19836.817482509945,18371.785714285714,17224097,886,7
2022-05-23,Monday,0,0,3.341606423085874,21485,0.122,1006.286,15.7,8.4,1.3,9.1,19,26,5.7,1946,2.8,4.2,18089.591514811586,16450.214285714286,15669448,886,7
2022-05-24,Tuesday,1,0,2.943738527446994,13772,0.12,101.993,16.6,7.8,0.0,11.0,18,25,5.4,2032,3.2,4.7,18818.635502381665,17150.0,16372809,892,7
2022-05-25,Wednesday,2,0,3.063272231855338,24222,0.258,404.225,17.6,9.8,0.7,13.2,22,31,6.7,2156,3.3,5.0,19334.42711379181,17766.85714285714,16923311,891,7
2022-05-26,Thursday,3,0,1.9259489628260424,9738,0.08,85.015,17.6,7.9,2.0,13.0,21,31,5.5,1993,2.9,4.5,19880.68177483748,18130.571428571428,17345248,888,7
2022-05-27,Friday,4,0,7.385990044482101,9442,2.01,40.81,16.8,5.0,0.0,10.6,19,26,14.4,2944,3.8,5.9,19771.058046996077,17761.5,17283112,889,7
2022-05-30,Monday,0,0,4.074831910420867,23309,0.251,108.749,13.5,4.9,0.8,9.7,18,26,0.4,1202,1.9,2.9,17981.508831709714,16120.714285714286,15756878,890,7
2022-05-31,Tuesday,1,0,3.504344840283531,21726,0.194,146.87,15.4,3.4,2.6,10.0,21,27,5.8,1749,2.4,3.7,18973.813136417786,17221.0,16539209,889,7
2022-06-01,Wednesday,2,0,3.669940732589215,25444,0.187,1485.423,16.2,3.2,1.3,6.2,10,15,12.9,2636,3.3,4.8,18964.95528159928,17150.071428571428,16617692,891,7
2022-06-02,Thursday,3,0,3.7294433074764815,24236,0.252,175.56,15.6,2.3,5.4,5.1,13,17,4.0,1353,2.0,2.8,19533.12157869534,17711.285714285714,17157502,891,7
2022-06-03,Friday,4,0,4.96399597091195,10176,0.673,47.071,15.4,9.4,0.7,9.1,15,26,6.1,1793,2.4,3.7,19294.317763483097,17594.64285714286,16901827,889,7
2022-06-07,Tuesday,1,0,6.564273989575322,23406,1.367,127.689,16.3,3.2,0.4,6.8,12,20,9.7,2433,2.7,4.1,17919.935887212003,16024.785714285714,15632477,892,7
2022-06-08,Wednesday,2,0,5.778646847670017,15322,0.62,93.162,18.3,11.3,1.3,11.5,23,32,10.1,2454,3.7,5.5,18296.25035569401,16065.357142857143,16053845,891,7
2022-06-09,Thursday,3,0,2.0114317652538425,8588,0.076,134.479,20.3,10.8,4.9,8.3,17,25,4.6,1496,2.7,3.8,18903.076088091093,17203.214285714286,16589081,893,7
2022-06-10,Friday,4,0,8.635760841595399,13213,0.494,109.253,18.5,11.8,4.6,11.0,19,32,9.7,2013,3.1,4.7,19320.09673700635,17846.428571428572,16922160,892,7
2022-06-13,Monday,0,0,7.550300298919292,21745,1.522,283.25,15.7,10.2,0.0,7.5,13,17,0.2,1235,2.4,3.3,17884.922875166558,16227.0,15607799,892,7
2022-06-14,Tuesday,1,0,4.784504193175246,13832,0.55,110.931,17.3,10.3,0.0,5.7,11,17,1.6,1621,3.0,4.0,18038.040531763756,16024.5,15967538,892,7
2022-06-15,Wednesday,2,0,6.62504418594742,23469,1.026,141.641,19.4,9.0,0.0,5.2,11,15,10.3,2553,3.8,5.2,19132.360061641084,17407.571428571428,16820350,895,7
2022-06-16,Thursday,3,0,4.815449864720833,12197,0.286,37.88,22.6,10.1,0.0,5.6,10,17,3.6,1856,3.5,4.6,18747.428393509857,16505.928571428572,16715880,897,7
2022-06-17,Friday,4,0,2.07617942152679,10545,0.286,45.829,18.9,11.3,0.0,8.7,15,25,0.2,895,2.3,3.0,18717.96360941525,16450.571428571428,16636580,893,7
2022-06-20,Monday,0,0,9.7850360727729,9564,3.02,103.12,20.2,5.6,0.0,5.8,11,15,15.5,2960,4.0,5.7,17847.339940034715,15791.642857142857,15692590,896,7
2022-06-21,Tuesday,1,0,8.1619749669749,15140,1.348,341.188,18.2,11.3,0.0,5.0,11,15,0.3,1278,2.3,3.1,18090.12698122431,16085.5,15959465,894,7
2022-06-22,Wednesday,2,0,7.575696732989438,20355,0.838,185.582,19.1,13.8,0.7,3.2,6,9,0.1,994,2.0,2.5,18863.375534406816,17357.928571428572,16583511,893,7
2022-06-23,Thursday,3,0,6.8484379023688975,15999,1.565,699.033,21.9,13.7,0.0,4.7,9,12,3.9,1691,3.1,4.0,19217.691439676062,17865.571428571428,16859036,889,7
2022-06-24,Friday,4,0,3.581833569973455,16199,0.099,310.541,18.3,11.5,1.3,8.4,15,24,4.2,1341,2.3,3.3,19389.371085275467,17860.35714285714,17002502,894,7
2022-06-27,Monday,0,0,5.384496007020623,22790,0.66,165.514,16.9,8.7,0.4,9.5,14,24,6.7,2017,3.2,4.6,17684.043136249424,16017.857142857143,15517015,893,7
2022-06-28,Tuesday,1,0,6.247847593804356,12073,0.477,222.095,18.8,12.3,6.8,10.0,18,30,4.5,1592,3.0,4.2,18309.033611823717,16698.928571428572,16022851,891,7
2022-06-29,Wednesday,2,0,6.204743093270366,21175,0.516,141.674,18.5,11.0,1.5,6.2,11,16,4.5,1697,2.9,4.0,18653.652908137014,16973.64285714286,16361873,891,7
2022-06-30,Thursday,3,0,4.239786131888917,23262,0.615,101.328,17.6,11.1,0.6,7.1,14,19,1.3,1310,2.5,3.4,18928.581108019345,17545.071428571428,16718469,895,7
2022-07-11,Monday,0,0,5.193090758780945,22378,0.714,110.858,27.2,8.9,0.0,5.5,13,21,5.9,2041,4.0,5.2,17083.948625469005,15261.0,14940829,895,7
2022-07-12,Tuesday,1,0,4.531557447012563,20854,0.764,329.493,22.1,10.8,1.0,7.3,14,19,1.2,1103,2.3,3.1,17424.031358451095,15645.142857142857,15340906,896,7
2022-07-13,Wednesday,2,0,4.164867810449072,19351,0.369,255.608,20.4,10.2,0.0,9.8,14,23,9.2,2311,3.9,5.5,17902.961012465763,15870.142857142857,15698317,895,7
2022-07-14,Thursday,3,0,3.681039738655687,11173,0.482,655.612,19.7,10.9,0.0,9.8,14,21,8.2,2015,3.4,4.8,18215.585275158206,16491.35714285714,15891337,894,7
2022-07-15,Friday,4,0,3.929788745751995,12653,1.316,267.937,21.1,11.6,0.0,8.7,15,21,5.6,2033,3.5,4.9,18186.787545723473,16236.07142857143,15833788,892,7
2022-07-18,Monday,0,0,6.900327456968351,21612,1.543,137.451,29.1,12.9,0.0,4.5,10,14,9.4,2256,4.5,5.8,17367.304790951206,15388.57142857143,15003283,891,7
2022-07-19,Tuesday,1,0,8.744367164876227,21410,2.624,132.996,26.5,14.3,0.4,6.2,14,18,6.0,1784,3.6,4.7,17692.42977687009,15991.857142857143,15345258,892,7
2022-07-20,Wednesday,2,0,3.0642054806708483,22479,0.16,114.377,19.0,12.6,0.0,11.7,17,24,0.9,1357,2.8,3.9,17956.206542454165,16257.857142857143,15583597,889,7
2022-07-21,Thursday,3,0,5.995679487179487,16146,0.938,282.199,18.0,10.6,0.0,5.9,9,14,0.2,1246,2.5,3.3,17983.631872493665,15978.214285714286,15777677,894,7
2022-07-25,Monday,0,0,2.6035245313123254,12535,0.273,77.137,19.1,12.7,0.2,14.3,21,33,2.2,1473,2.9,4.2,17356.78155634404,15747.5,15079139,892,7
2022-07-26,Tuesday,1,0,3.1665190676551127,14973,0.314,370.85,17.9,9.0,0.0,6.8,11,17,2.0,1457,2.7,3.6,17665.706864295855,16145.285714285714,15379491,892,7
2022-07-27,Wednesday,2,0,4.029016741563133,11349,0.424,56.028,16.6,6.6,0.0,5.1,9,13,1.1,1338,2.1,2.9,18017.431295576815,16238.142857142857,15714957,891,7
2022-07-28,Thursday,3,0,4.304746127494787,13428,0.746,113.705,17.9,10.2,0.0,4.8,11,18,2.2,1638,2.5,3.4,18041.931972789116,16673.714285714286,15756567,892,7
2022-07-29,Friday,4,0,6.341326630731028,16511,1.281,95.26,21.5,10.1,0.2,5.6,11,17,1.2,1195,2.3,3.1,18191.941218758777,16516.714285714286,15840542,893,7
2022-08-02,Tuesday,1,0,2.0363796688021276,8273,0.195,141.911,24.5,16.9,0.2,10.0,14,27,6.1,1657,3.5,4.7,17148.158565706646,15843.714285714286,14866643,889,7
2022-08-03,Wednesday,2,0,3.111658006751798,6813,0.201,43.289,20.4,11.1,0.0,11.5,18,27,6.1,1866,3.1,4.5,17594.403693261607,15921.07142857143,15342787,892,7
2022-08-05,Friday,4,0,5.042142016112374,19364,0.373,453.494,19.1,6.0,0.0,9.2,16,22,5.7,1822,2.9,4.2,18087.055191344345,16427.35714285714,15723176,892,7
