date,dublin_daily_mean_site_traffic,dublin_daily_median_site_traffic,dublin_daily_total_traffic,dublin_daily_n_sites,dublin_daily_n_regions
2021-05-01,14966.243225518747,14037.57142857143,12507607,864,7
2021-05-02,12794.240956863312,11572.857142857143,10665395,864,7
2021-05-03,11436.567791027019,10586.285714285714,9516882,863,7
2021-05-04,16300.69640660154,15371.5,13630512,863,7
2021-05-05,16559.577490604,15467.285714285714,13936738,863,7
2021-05-06,17149.5932168698,16134.92857142857,14458493,865,7
2021-05-07,17920.225608378976,17037.785714285714,15133373,866,7
2021-05-08,14971.554367878607,14153.714285714286,12545127,864,7
2021-05-09,12902.45836901497,11502.42857142857,10767281,864,7
2021-05-10,16803.592495359728,15754.42857142857,14089843,864,7
2021-05-11,17419.522592876405,16005.642857142857,14678272,866,7
2021-05-12,17497.22489510393,16398.214285714286,14770830,865,7
2021-05-13,17950.464027312202,16795.785714285714,15121415,865,7
2021-05-14,18534.46738081446,17227.285714285714,15614198,865,7
2021-05-15,15557.651486755696,14590.642857142857,13084394,866,7
2021-05-16,13664.158002511935,12397.214285714286,11523248,866,7
2021-05-17,17212.466981441492,15982.57142857143,14481108,866,7
2021-05-18,17416.761840247826,16300.214285714286,14761589,867,7
2021-05-19,18006.45176207252,16751.285714285714,15216232,868,7
2021-05-20,17774.6754758886,16376.92857142857,15009022,868,7
2021-05-21,18349.888736527126,16990.64285714286,15484829,869,7
2021-05-22,16172.956887563041,15165.357142857143,13558266,868,7
2021-05-23,13369.530455735807,12380.07142857143,11221858,868,7
2021-05-24,17227.686115895944,16068.785714285714,14493803,867,7
2021-05-25,16981.398689079786,15564.642857142857,14767851,875,7
2021-05-26,17982.56278807251,16788.785714285714,15178921,867,7
2021-05-27,18354.187742669397,17014.214285714286,15496488,868,7
2021-05-28,18682.366330424757,17335.285714285714,15768129,869,7
2021-05-29,16192.29703622397,15065.142857142857,13604575,867,7
2021-05-30,14501.638017045032,13144.642857142857,12288815,867,7
2021-05-31,17773.842468737683,16513.571428571428,15009066,868,7
2021-06-01,18049.454835669978,16903.714285714286,15270684,869,7
2021-06-02,18048.465507722583,16764.64285714286,15275756,869,7
2021-06-03,18634.03804281203,17386.785714285714,15763722,869,7
2021-06-04,18804.748360968097,17471.214285714286,15865996,868,7
2021-06-05,15464.407818447982,14363.0,12908163,868,7
2021-06-06,13392.648294986648,12142.07142857143,11183803,869,7
2021-06-07,13732.650548561072,12563.92857142857,11489179,869,7
2021-06-08,17243.62891209753,15807.357142857143,14914189,874,7
2021-06-09,18283.284965719628,16931.428571428572,15452884,869,7
2021-06-10,18802.441133739474,17514.0,15909192,868,7
2021-06-11,19149.33651753081,17674.85714285714,16166279,868,7
2021-06-12,16590.155887322242,15407.857142857143,13928831,868,7
2021-06-13,14596.206211744642,13301.642857142857,12317868,868,7
2021-06-14,17616.130418599576,16179.214285714286,14891554,867,7
2021-06-15,18184.257486743805,16819.35714285714,15379776,868,7
2021-06-16,18499.70963559351,17079.785714285714,15627719,867,7
2021-06-17,18767.297867208392,17431.214285714286,15893442,867,7
2021-06-18,19157.060765203576,17632.428571428572,16194225,867,7
2021-06-19,16576.74835151039,15626.142857142857,14022421,867,7
2021-06-20,14695.947685177394,13434.0,12392123,866,7
2021-06-21,17570.090865255246,16385.071428571428,14840719,867,7
2021-06-22,18042.881844480027,16822.85714285714,15223018,867,7
2021-06-23,18076.445368481796,16744.85714285714,15323520,868,7
2021-06-24,18532.603614251853,17239.0,15677901,867,7
2021-06-25,18847.949450854467,17529.928571428572,15938633,868,7
2021-06-26,16327.078674516819,15156.42857142857,13679544,867,7
2021-06-27,14655.264072911406,13378.0,12316605,867,7
2021-06-28,17388.705402998963,15968.42857142857,14704296,868,7
2021-06-29,17870.921004974072,16737.928571428572,15220326,869,7
2021-06-30,18388.81566553083,17196.35714285714,15578902,868,7
2021-07-01,18458.04749993244,17255.928571428572,15660159,868,7
2021-07-02,18582.077698946094,17177.14285714286,15773774,867,7
2021-07-03,16024.958666552247,14911.92857142857,13442040,866,7
2021-07-04,14252.395235462322,13255.857142857143,11950346,865,7
2021-07-05,17112.29651795782,15804.285714285714,14454391,866,7
2021-07-06,17372.881926916984,15927.92857142857,14688638,865,7
2021-07-07,17676.972640557888,16286.42857142857,14983575,866,7
2021-07-08,18339.89717023403,16989.785714285714,15544207,866,7
2021-07-09,18546.74939909025,17157.785714285714,15713810,867,7
2021-07-10,16136.840732379553,15185.0,13572242,867,7
2021-07-11,13930.041312542458,12653.285714285714,11740734,866,7
2021-07-12,17015.487974765212,15516.285714285714,14426770,868,7
2021-07-13,17572.455342148995,16043.714285714286,14902551,868,7
2021-07-14,17894.775932657583,16450.714285714286,15271054,868,7
2021-07-15,18198.51318949908,16849.5,15475516,866,7
2021-07-16,18464.374618297938,16901.5,15760235,867,7
2021-07-17,15809.751622364278,14283.42857142857,13380655,864,7
2021-07-18,14343.045376146214,12466.07142857143,12117211,864,7
2021-07-19,17016.494259282823,15378.214285714286,14455098,865,7
2021-07-20,17695.87497357807,16205.357142857143,15099713,867,7
2021-07-21,17985.112681603507,16347.714285714286,15296410,865,7
2021-07-22,18083.838939648096,16365.857142857143,15348528,866,7
2021-07-23,18482.86116730918,16874.64285714286,15663211,865,7
2021-07-24,15940.286127306072,14614.714285714286,13416520,865,7
2021-07-25,14210.114884198252,12696.642857142857,11990754,865,7
2021-07-26,16913.57091657796,15325.357142857143,14307529,866,7
2021-07-27,15750.521354592014,14236.42857142857,14299285,873,7
2021-07-28,17643.917981198658,15960.357142857143,14983305,867,7
2021-07-29,17997.69592505336,16249.92857142857,15300554,867,7
2021-07-30,18219.939111474447,16389.928571428572,15350911,865,7
2021-07-31,15293.656211443185,14061.785714285714,12767435,865,7
2021-08-01,13443.509949316565,11856.785714285714,11259765,865,7
2021-08-02,13325.878407555687,11845.714285714286,11130266,865,7
2021-08-03,16823.968043767196,15152.07142857143,14166486,865,7
2021-08-04,17275.638829568612,15610.714285714286,14585721,865,7
2021-08-05,17661.64225671568,16088.214285714286,14886845,866,7
2021-08-06,18240.970424882657,16590.071428571428,15341407,866,7
2021-08-07,15689.936432450462,14499.42857142857,13183889,866,7
2021-08-08,14291.657900131437,12962.142857142857,11983643,865,7
2021-08-09,16964.39549879994,15376.857142857143,14286646,865,7
2021-08-10,17389.116234742687,15966.357142857143,14728577,867,7
2021-08-11,17641.821575565715,16094.5,14916356,866,7
2021-08-12,18133.350124979606,16560.428571428572,15340250,865,7
2021-08-13,18525.900664983717,17010.85714285714,15607140,866,7
2021-08-14,15815.10725542539,14523.857142857143,13318742,865,7
2021-08-15,14318.769195009241,13013.642857142857,12046960,865,7
2021-08-16,16960.88625757343,15566.57142857143,14285500,866,7
2021-08-17,17512.28444620053,15994.0,14786003,867,7
2021-08-18,17829.334324151238,16446.14285714286,15090948,866,7
2021-08-19,18268.758480807457,16658.071428571428,15464990,866,7
2021-08-20,18608.685119727892,17157.5,15724476,867,7
2021-08-21,16305.10137186621,14856.785714285714,13663246,866,7
2021-08-22,15029.544136165161,13612.857142857143,12625023,866,7
2021-08-23,17539.289152490295,16076.857142857143,14877179,868,7
2021-08-24,17910.979610237577,16486.14285714286,15194138,869,7
2021-08-25,18280.227218797158,16747.071428571428,15623578,870,7
2021-08-26,18701.65151360342,17183.85714285714,15948531,870,7
2021-08-27,18949.360826025233,17307.5,16238693,872,7
2021-08-28,16597.38940901105,15091.07142857143,14122213,869,7
2021-08-29,14809.551182208632,13311.57142857143,12553790,870,7
2021-08-30,17839.073555020488,16163.42857142857,15105759,869,7
2021-08-31,18297.551167954523,16583.714285714286,15543168,869,7
2021-09-01,18655.7644137242,17115.785714285714,15863421,868,7
2021-09-02,19051.40094749368,17198.285714285714,16174805,868,7
2021-09-03,19487.8682769464,17711.571428571428,16520804,868,7
2021-09-04,17235.300879864597,16044.92857142857,14563878,868,7
2021-09-05,15395.3710780457,13997.857142857143,13031391,868,7
2021-09-06,17869.126671971786,16570.214285714286,15204012,868,7
2021-09-07,18617.509482219564,17059.0,15897000,868,7
2021-09-08,18754.558902285684,17244.928571428572,15983873,870,7
2021-09-09,18859.70652015749,17458.785714285714,16136106,872,7
2021-09-10,19494.447611024814,18083.428571428572,16620467,871,7
2021-09-11,17181.251948236913,16076.714285714286,14549480,870,7
2021-09-12,15353.858482175823,13898.07142857143,13006605,870,7
2021-09-13,17807.482415074945,16403.071428571428,15180220,873,7
2021-09-14,18331.423266372243,16955.5,15688921,873,7
2021-09-15,18597.779730600792,17032.35714285714,15933488,873,7
2021-09-16,19088.840106214757,17623.428571428572,16370849,874,7
2021-09-17,19483.55102846161,17791.14285714286,16675878,874,7
2021-09-18,17184.043757049,15745.0,14627832,873,7
2021-09-19,15351.114104366157,13912.5,13059877,872,7
2021-09-20,17859.32867855859,16396.785714285714,15375171,876,7
2021-09-21,18374.851168038487,17010.428571428572,15756740,873,7
2021-09-22,18523.379286630407,17084.214285714286,16030604,884,7
2021-09-23,19096.755175366292,17541.214285714286,16375171,875,7
2021-09-24,19428.537591396253,17905.64285714286,16631950,874,7
2021-09-25,17246.222381607327,16096.857142857143,14717627,874,7
2021-09-26,15518.111900820162,14071.214285714286,13175094,874,7
2021-09-27,17991.69260426046,16283.714285714286,15396807,874,7
2021-09-28,18436.395887909162,16772.785714285714,15804963,874,7
2021-09-29,18947.810497590373,17421.5,16288347,876,7
2021-09-30,19356.857730336902,17851.714285714286,16552503,875,7
2021-10-01,19916.20160905141,18646.64285714286,17020423,875,7
2021-10-02,17369.975868854086,16283.214285714286,14797463,875,7
2021-10-03,15231.013234346216,13685.285714285714,13009455,875,7
2021-10-04,18074.068095118488,16458.14285714286,15478119,875,7
2021-10-05,18558.095062736615,16965.928571428572,15906403,875,7
2021-10-06,18947.8598251674,17411.928571428572,16252888,875,7
2021-10-07,19315.980362657418,17836.14285714286,16573523,875,7
2021-10-08,19751.912771515148,18452.5,16931446,875,7
2021-10-09,17495.967256657947,16457.071428571428,14891191,875,7
2021-10-10,15543.41539072125,14334.285714285714,13264750,875,7
2021-10-11,18040.283457921232,16517.35714285714,15543009,876,7
2021-10-12,18732.253359131857,17468.928571428572,16073392,875,7
2021-10-13,18924.020756252452,17625.214285714286,16276935,874,7
2021-10-14,19239.81023137704,18040.5,16537334,875,7
2021-10-15,19705.486737534404,18270.285714285714,16909455,876,7
2021-10-16,17486.698666670865,16449.785714285714,14977334,876,7
2021-10-17,15300.613328944706,13993.42857142857,13110592,876,7
2021-10-18,18041.702286227886,16615.14285714286,15508089,877,7
2021-10-19,18532.69656659629,17178.5,15984598,877,7
2021-10-20,19071.761405538728,17700.785714285714,16433131,877,7
2021-10-21,19006.94289565167,17306.928571428572,16474129,877,7
2021-10-22,19823.536959380253,18288.428571428572,17039038,877,7
2021-10-23,17286.382918013052,16298.42857142857,14733521,874,7
2021-10-24,14940.673503896189,13719.142857142857,12741535,875,7
2021-10-25,14340.203986108316,12970.07142857143,12210871,875,7
2021-10-26,17624.166883727932,16130.357142857143,15134697,876,7
2021-10-27,18064.899437108066,16642.071428571428,15602369,878,7
2021-10-28,18798.900140074322,17353.428571428572,16168535,876,7
2021-10-29,19426.95797240284,18123.64285714286,16697102,876,7
2021-10-30,17577.261805252634,16358.0,15047958,875,7
2021-10-31,453.1968121499132,390.35714285714283,388485,875,7
2021-11-01,18262.554521162372,16800.785714285714,15709844,875,7
2021-11-02,17893.148914482554,16435.714285714286,15659399,878,7
2021-11-03,18315.203186857456,16893.928571428572,15943381,876,7
2021-11-04,19001.233949201305,17535.0,16471948,876,7
2021-11-05,19979.370039242207,18694.928571428572,17133482,876,7
2021-11-06,17871.917717736436,16786.428571428572,15312396,875,7
2021-11-07,15603.229217182277,14094.42857142857,13364267,876,7
2021-11-08,18072.114517173668,16755.785714285714,15513979,876,7
2021-11-09,18542.27630094988,17017.928571428572,15988808,877,7
2021-11-10,19156.659787675184,17645.85714285714,16451892,876,7
2021-11-11,19511.97508669375,18070.714285714286,16879482,879,7
2021-11-12,20315.92577040404,18739.35714285714,17468801,877,7
2021-11-13,17733.526728558074,16526.285714285714,15183400,876,7
2021-11-14,15667.375551676678,13979.42857142857,13398998,876,7
2021-11-15,18119.161041773663,16452.214285714286,15556153,876,7
2021-11-16,17319.47551122057,15974.857142857143,15742897,917,7
2021-11-17,18802.053072255432,17193.85714285714,16255295,878,7
2021-11-18,19161.6057549313,17562.214285714286,16599783,879,7
2021-11-19,19552.211671460558,17961.64285714286,16921582,879,7
2021-11-20,17324.493567449987,16158.42857142857,14898371,878,7
2021-11-21,15507.16261848691,14102.357142857143,13318663,878,7
2021-11-22,17782.415323060693,16446.35714285714,15361182,878,7
2021-11-23,18032.08807884526,16527.071428571428,15630813,880,7
2021-11-24,18127.83812451622,16548.428571428572,15655106,879,7
2021-11-25,19065.292685794127,17466.928571428572,16480993,877,7
2021-11-26,19566.63971271455,18061.928571428572,16818409,876,7
2021-11-27,17270.892613844968,16017.714285714286,14778110,876,7
2021-11-28,15408.529218408576,13843.857142857143,13185519,876,7
2021-11-29,17876.07163865267,16335.42857142857,15301765,876,7
2021-11-30,18210.64427719236,16675.285714285714,15672474,877,7
2021-12-01,18835.324333887398,17297.214285714286,16159519,877,7
2021-12-02,19306.100352585352,17555.928571428572,16489892,875,7
2021-12-03,19695.06040352574,18068.14285714286,17076230,879,7
2021-12-04,17541.803931589522,16318.285714285714,15054378,878,7
2021-12-05,15291.306933699463,13828.07142857143,13116296,878,7
2021-12-06,18113.840230401263,16391.5,15632880,880,7
2021-12-07,15335.93918347028,14023.642857142857,13205437,880,7
2021-12-08,17432.768891759035,15981.214285714286,15041269,880,7
2021-12-09,19254.85988519498,17829.714285714286,16749692,881,7
2021-12-10,19808.902157560635,18088.35714285714,17152739,881,7
2021-12-11,17470.09525747012,16056.285714285714,15102259,881,7
2021-12-12,15333.350764151846,13885.785714285714,13260449,881,7
2021-12-13,17738.20320700393,16186.92857142857,15381068,882,7
2021-12-14,18940.07807156086,17240.571428571428,16420123,882,7
2021-12-15,19267.686757151998,17586.5,16746257,884,7
2021-12-16,19554.071971103764,17850.428571428572,17056036,884,7
2021-12-17,20311.323386411997,18639.571428571428,17595654,883,7
2021-12-18,17985.404582599094,16619.285714285714,15525106,883,7
2021-12-19,16012.901303662398,14554.42857142857,13790179,882,7
2021-12-20,19056.87929616393,17296.928571428572,16501485,883,7
2021-12-21,19162.1553883224,17472.35714285714,16605887,884,7
2021-12-22,19123.98435476628,17543.428571428572,16565718,884,7
2021-12-23,18411.34771363084,17000.64285714286,15944153,884,7
2021-12-24,15178.265293263128,13969.785714285714,13115806,884,7
2021-12-25,7934.960646414581,6847.071428571428,6995593,884,7
2021-12-26,9979.14561409486,8758.785714285714,8614831,884,7
2021-12-27,11419.834482321128,10153.857142857143,9785301,884,7
2021-12-28,12272.813478868668,10899.07142857143,10545100,884,7
2021-12-29,13293.968046695494,11844.0,11388233,884,7
2021-12-30,13622.845360185844,12204.07142857143,11663755,884,7
2021-12-31,13588.921878937259,12351.5,11676776,884,7
2022-01-01,10515.57209980252,9370.42857142857,9062760,884,7
2022-01-02,11695.65894419225,10330.42857142857,10050998,884,7
2022-01-03,12127.205786729153,10802.714285714286,10442738,884,7
2022-01-04,14793.572896769305,13446.785714285714,12824096,884,7
2022-01-05,15299.920530293797,13803.357142857143,13260589,883,7
2022-01-06,15768.39836309662,14250.642857142857,13701226,884,7
2022-01-07,16551.946889880564,14915.142857142857,14351417,885,7
2022-01-08,14773.710604629956,13574.642857142857,12760435,886,7
2022-01-09,13003.595932638566,11655.285714285714,11234809,886,7
2022-01-10,16026.36341918338,14443.857142857143,13970502,887,7
2022-01-11,16362.456304170304,14963.357142857143,14378588,890,7
2022-01-12,16933.59833073666,15415.42857142857,14795457,887,7
2022-01-13,17216.26773403923,15731.785714285714,15088481,888,7
2022-01-14,17833.700122920454,16241.57142857143,15605820,890,7
2022-01-15,15641.849580423808,14134.857142857143,13605659,887,7
2022-01-16,13813.172707307842,12491.142857142857,12056875,887,7
2022-01-17,16641.44789149323,15037.5,14645335,890,7
2022-01-18,17018.95672997912,15226.92857142857,14980483,890,7
2022-01-19,17481.464858959596,15917.214285714286,15380942,889,7
2022-01-20,17645.0237446304,16112.285714285714,15564778,890,7
2022-01-21,17841.605704122176,16143.92857142857,15767594,888,7
2022-01-22,16007.07583294662,14754.0,14003656,888,7
2022-01-23,14074.863695689319,12684.857142857143,12375817,889,7
2022-01-24,16921.317670781118,15502.0,14917485,889,7
2022-01-25,17526.84556874015,16038.92857142857,15442115,888,7
2022-01-26,17805.247522642232,16506.285714285714,15760180,888,7
2022-01-27,18306.423929840592,16842.285714285714,16180810,889,7
2022-01-28,18972.2717845356,17387.35714285714,16674971,890,7
2022-01-29,16811.82828450192,15416.642857142857,14735432,890,7
2022-01-30,14449.317299117667,13153.214285714286,12704777,890,7
2022-01-31,17273.420220246513,15829.42857142857,15230184,890,7
2022-02-01,17845.84777466168,16301.714285714286,15719184,889,7
2022-02-02,18221.907484860116,16747.0,16064695,889,7
2022-02-03,18811.017526409883,17128.5,16539923,888,7
2022-02-04,19343.28656292891,17434.85714285714,17010345,890,7
2022-02-05,16922.517982621874,15733.142857142857,14814091,889,7
2022-02-06,15045.865686564312,13831.57142857143,13172065,889,7
2022-02-07,17468.17364279961,16005.142857142857,15348209,889,7
2022-02-08,17975.628299496537,16237.357142857143,15836706,892,7
2022-02-09,17899.1318156228,16167.07142857143,15865671,892,7
2022-02-10,18786.05717217922,17017.571428571428,16570028,892,7
2022-02-11,19127.833575806482,17337.14285714286,16839339,890,7
2022-02-12,16864.310149041397,15660.357142857143,14691397,890,7
2022-02-13,15006.175943105598,13540.785714285714,13099739,890,7
2022-02-14,17789.698317763115,16296.142857142857,15712361,891,7
2022-02-15,17769.077868160875,15998.214285714286,15772009,891,7
2022-02-16,18305.20659035301,16781.785714285714,16128511,891,7
2022-02-17,18950.949424804276,17287.214285714286,16617913,889,7
2022-02-18,18978.51253152527,17181.428571428572,16592676,889,7
2022-02-19,16939.419185336163,15377.0,14767695,888,7
2022-02-20,14037.21479561392,12614.214285714286,12212061,888,7
2022-02-21,17101.937123379907,15399.5,14941966,888,7
2022-02-22,17808.89717005827,16629.714285714286,15589585,888,7
2022-02-23,15408.893114624838,13730.357142857143,13818396,890,7
2022-02-24,18331.022097846675,16608.714285714286,16085634,888,7
2022-02-25,19000.700698810728,17456.571428571428,16582888,888,7
2022-02-26,17146.304269932687,15999.42857142857,14900139,887,7
2022-02-27,15409.684458688076,14106.214285714286,13457475,887,7
2022-02-28,18033.200287219825,16228.785714285714,15824395,888,7
2022-03-01,18333.93050282796,16734.0,16148606,890,7
2022-03-02,18608.397228933078,16807.071428571428,16258498,887,7
2022-03-03,19198.08237539266,17396.428571428572,16852405,888,7
2022-03-04,19811.67412830147,17903.214285714286,17374830,888,7
2022-03-05,17690.004237000136,16308.357142857143,15427249,888,7
2022-03-06,15570.154686047765,14061.5,13575241,888,7
2022-03-07,17745.018696585812,16266.642857142857,15586203,891,7
2022-03-08,18155.568143898436,16362.07142857143,15997207,894,7
2022-03-09,18191.860525257693,16540.428571428572,16082013,893,7
2022-03-10,18896.614517653652,17257.571428571428,16672182,893,7
2022-03-11,19469.217968032735,17793.285714285714,17081466,891,7
2022-03-12,17148.19272889722,15561.714285714286,14946877,890,7
2022-03-13,15056.847178564183,13436.857142857143,13095961,890,7
2022-03-14,17676.73568871054,15793.785714285714,15618190,897,7
2022-03-15,18126.289092329916,16432.5,16002036,897,7
2022-03-16,19316.834109319145,17577.64285714286,16931034,892,7
2022-03-17,13130.769431334613,11878.0,11492644,892,7
2022-03-18,15077.018076226008,13786.5,13164903,892,7
2022-03-19,15875.141917869123,14734.142857142857,13773019,892,7
2022-03-20,14971.003459963364,13605.785714285714,13020208,892,7
2022-03-21,17323.285502450355,15624.142857142857,15261477,897,7
2022-03-22,17988.576607603165,16262.785714285714,15868165,895,7
2022-03-23,18511.594854043058,16953.85714285714,16294227,891,7
2022-03-24,18912.511593138188,17345.428571428572,16680550,894,7
2022-03-25,19530.95972745489,18067.285714285714,17160489,892,7
2022-03-26,17883.03268745285,16764.5,15614919,892,7
2022-03-27,15815.768974650779,14444.642857142857,13818842,891,7
2022-03-28,17733.29204412527,16466.14285714286,15622225,895,7
2022-03-29,18361.888167693938,17006.785714285714,16215917,893,7
2022-03-30,18537.04695823658,16961.0,16410125,893,7
2022-03-31,19236.67261548806,18042.0,16900355,892,7
2022-04-01,19676.92297310735,17961.5,17258519,892,7
2022-04-02,17560.96748728622,16090.714285714286,15314278,892,7
2022-04-03,15613.1333853124,14059.214285714286,13722281,892,7
2022-04-04,17769.213903204527,16148.5,15664180,894,7
2022-04-05,18440.29340236875,16970.714285714286,16216924,892,7
2022-04-06,18971.981824146067,17508.64285714286,16689698,892,7
2022-04-07,19352.314116130347,17753.428571428572,17028625,893,7
2022-04-08,19737.49461903032,18223.5,17329426,894,7
2022-04-09,17493.56415260926,16031.07142857143,15235617,892,7
2022-04-10,15179.176105415758,13633.714285714286,13292412,892,7
2022-04-11,16715.64164214031,14939.214285714286,14584647,891,7
2022-04-12,17333.430458491708,15186.42857142857,15307324,892,7
2022-04-13,18641.655888155346,16884.64285714286,16300346,889,7
2022-04-14,14938.951063885854,11461.42857142857,13789319,889,7
2022-04-15,20998.18727735245,19600.14285714286,11969077,616,7
2022-04-16,18892.504923793378,17428.214285714286,10578301,616,7
2022-04-17,15556.900035712348,14278.214285714286,8668306,616,7
2022-04-18,16714.601644788043,15229.92857142857,9240713,616,7
2022-04-19,20771.01015898566,19261.5,11849095,616,7
2022-04-20,15828.078647360235,13352.142857142857,13904356,863,7
2022-04-21,18365.9592591935,16890.285714285714,16047462,886,7
2022-04-22,18880.661738320203,17148.428571428572,16444441,886,7
2022-04-23,17207.815753267572,15774.92857142857,14925994,886,7
2022-04-24,16074.977976401102,14566.57142857143,13886779,882,7
2022-04-25,18336.756899298653,16607.64285714286,15920534,885,7
2022-04-26,18670.67937556981,17226.14285714286,16220749,887,7
2022-04-27,19210.559572186638,17940.571428571428,16534283,884,7
2022-04-28,19438.502505818025,18127.928571428572,16847838,884,7
2022-04-29,19653.784690214845,18243.428571428572,16963154,883,7
2022-04-30,17139.532846311307,15872.357142857143,14646325,883,7
2022-05-01,14478.335446069783,12872.5,12370209,883,7
2022-05-02,14162.235476623082,12590.357142857143,12188326,882,7
2022-05-03,18050.502277942687,16480.428571428572,15712716,884,7
2022-05-04,18951.10346952456,17603.35714285714,16394902,884,7
2022-05-05,18844.510432245053,17410.285714285714,16436303,881,7
2022-05-06,19742.924829222728,18005.928571428572,17117734,886,7
2022-05-07,17656.563572635572,16182.142857142857,15377016,886,7
2022-05-08,15985.236626782716,14200.57142857143,13826905,886,7
2022-05-09,18073.632416707416,16248.0,15724826,887,7
2022-05-10,18694.963538240965,17183.35714285714,16290885,886,7
2022-05-11,19238.74518371693,17449.571428571428,16783750,888,7
2022-05-12,19335.01220258479,17621.14285714286,16953793,892,7
2022-05-13,19794.992294043655,18161.5,17227683,887,7
2022-05-14,17561.834781117785,16139.714285714286,15229473,888,7
2022-05-15,16033.15576994739,14148.714285714286,13852422,888,7
2022-05-16,18115.937170975823,16112.57142857143,15854157,889,7
2022-05-17,18492.763146220725,17088.14285714286,16189904,889,7
2022-05-18,19059.330651550088,17412.571428571428,16618290,890,7
2022-05-19,19573.165131816168,17977.5,17081763,889,7
2022-05-20,19836.817482509945,18371.785714285714,17224097,886,7
2022-05-21,17749.28835089903,16219.142857142857,15338488,885,7
2022-05-22,15159.832278515436,13541.785714285714,13149945,885,7
2022-05-23,18089.591514811586,16450.214285714286,15669448,886,7
2022-05-24,18818.635502381665,17150.0,16372809,892,7
2022-05-25,19334.42711379181,17766.85714285714,16923311,891,7
2022-05-26,19880.68177483748,18130.571428571428,17345248,888,7
2022-05-27,19771.058046996077,17761.5,17283112,889,7
2022-05-28,17503.63902927491,15745.285714285714,15116692,886,7
2022-05-29,15643.900304715402,13967.357142857143,13539664,886,7
2022-05-30,17981.508831709714,16120.714285714286,15756878,890,7
2022-05-31,18973.813136417786,17221.0,16539209,889,7
2022-06-01,18964.95528159928,17150.071428571428,16617692,891,7
2022-06-02,19533.12157869534,17711.285714285714,17157502,891,7
2022-06-03,19294.317763483097,17594.64285714286,16901827,889,7
2022-06-04,16709.316661474983,15161.07142857143,14478362,889,7
2022-06-05,14130.773768747884,12604.07142857143,12198005,889,7
2022-06-06,14183.856428131852,12509.57142857143,12197221,885,7
2022-06-07,17919.935887212003,16024.785714285714,15632477,892,7
2022-06-08,18296.25035569401,16065.357142857143,16053845,891,7
2022-06-09,18903.076088091093,17203.214285714286,16589081,893,7
2022-06-10,19320.09673700635,17846.428571428572,16922160,892,7
2022-06-11,17273.89117232575,15542.0,15049417,891,7
2022-06-12,15060.314100491245,13440.285714285714,13080026,891,7
2022-06-13,17884.922875166558,16227.0,15607799,892,7
2022-06-14,18038.040531763756,16024.5,15967538,892,7
2022-06-15,19132.360061641084,17407.571428571428,16820350,895,7
2022-06-16,18747.428393509857,16505.928571428572,16715880,897,7
2022-06-17,18717.96360941525,16450.571428571428,16636580,893,7
2022-06-18,16194.637305225287,14081.42857142857,14298715,886,7
2022-06-19,15014.331995757384,13262.785714285714,13130199,891,7
2022-06-20,17847.339940034715,15791.642857142857,15692590,896,7
2022-06-21,18090.12698122431,16085.5,15959465,894,7
2022-06-22,18863.375534406816,17357.928571428572,16583511,893,7
2022-06-23,19217.691439676062,17865.571428571428,16859036,889,7
2022-06-24,19389.371085275467,17860.35714285714,17002502,894,7
2022-06-25,16972.95208060507,15486.214285714286,14806448,894,7
2022-06-26,15082.06530066494,13564.785714285714,13238299,893,7
2022-06-27,17684.043136249424,16017.857142857143,15517015,893,7
2022-06-28,18309.033611823717,16698.928571428572,16022851,891,7
2022-06-29,18653.652908137014,16973.64285714286,16361873,891,7
2022-06-30,18928.581108019345,17545.071428571428,16718469,895,7
2022-07-01,18765.726115792375,17236.35714285714,16530415,893,7
2022-07-02,16545.4707210703,15157.142857142857,14431932,893,7
2022-07-03,15062.436413129744,13384.785714285714,13151451,893,7
2022-07-04,16871.641062070506,15177.42857142857,14908107,896,7
2022-07-05,17361.0996527008,15865.42857142857,15242803,898,7
2022-07-06,17607.484843780454,16348.0,15504220,897,7
2022-07-07,18188.315148514703,16705.85714285714,15991184,896,7
2022-07-08,18742.97754693153,16851.214285714286,16361052,893,7
2022-07-09,16538.647459740903,15048.357142857143,14377210,892,7
2022-07-10,14942.244591697972,12949.0,12998004,892,7
2022-07-11,17083.948625469005,15261.0,14940829,895,7
2022-07-12,17424.03135845109,15645.142857142857,15340906,896,7
2022-07-13,17902.961012465763,15870.142857142857,15698317,895,7
2022-07-14,18215.585275158206,16491.35714285714,15891337,894,7
2022-07-15,18186.787545723473,16236.07142857143,15833788,892,7
2022-07-16,15910.843009866376,13896.285714285714,13687204,889,7
2022-07-17,14620.104039757261,12681.0,12626358,891,7
2022-07-18,17367.304790951206,15388.57142857143,15003283,891,7
2022-07-19,17692.42977687009,15991.857142857143,15345258,892,7
2022-07-20,17956.206542454165,16257.857142857143,15583597,889,7
2022-07-21,17983.631872493665,15978.214285714286,15777677,894,7
2022-07-22,18375.634558246205,16615.071428571428,16096969,894,7
2022-07-23,16208.83317694066,14908.42857142857,14002805,892,7
2022-07-24,14881.064315688067,13062.92857142857,12988166,891,7
2022-07-25,17356.78155634404,15747.5,15079139,892,7
2022-07-26,17665.706864295855,16145.285714285714,15379491,892,7
2022-07-27,18017.431295576815,16238.142857142857,15714957,891,7
2022-07-28,18041.931972789116,16673.714285714286,15756567,892,7
2022-07-29,18191.941218758777,16516.714285714286,15840542,893,7
2022-07-30,15313.55847008944,13975.42857142857,13184859,887,7
2022-07-31,13385.628559592526,11284.142857142857,11647112,889,7
2022-08-01,13430.339593293513,11757.92857142857,11527560,888,7
2022-08-02,17148.158565706646,15843.714285714286,14866643,889,7
2022-08-03,17594.403693261607,15921.07142857143,15342787,892,7
2022-08-04,18151.522910559706,16253.57142857143,15806980,890,7
2022-08-05,18087.055191344345,16427.35714285714,15723176,892,7
2022-08-06,15942.878162482519,14511.42857142857,13789278,890,7
2022-08-07,14206.38843687713,12277.92857142857,12436807,888,7
2022-08-08,16884.117769230616,15033.07142857143,14710856,892,7
2022-08-09,17310.326645012672,15738.92857142857,15150417,891,7
2022-08-10,17889.169090783533,16182.0,15803726,899,7
2022-08-11,18285.296086315782,16236.142857142857,16038654,899,7
2022-08-12,17720.96830350901,15394.357142857143,15758948,895,7
2022-08-13,15794.07292302955,14396.92857142857,13667712,890,7
2022-08-14,14248.50111583323,12520.142857142857,12326672,892,7
2022-08-15,16893.306191965974,15039.92857142857,14810181,895,7
2022-08-16,17803.81778237771,15958.5,15577705,895,7
2022-08-17,18284.065461293587,16681.5,16059173,896,7
2022-08-18,18212.26953785158,16379.5,16082155,894,7
2022-08-19,18664.951921699143,16957.64285714286,16610291,900,7
2022-08-20,16801.207453420186,15520.5,14622044,895,7
2022-08-21,14944.839844497323,13412.785714285714,13001697,895,7
2022-08-22,17194.224672912962,15276.57142857143,15100157,897,7
2022-08-23,17992.600613479968,16282.714285714286,15828379,898,7
2022-08-24,18598.198608863542,16978.928571428572,16351438,899,7
2022-08-25,18883.41984241674,17002.85714285714,16683015,900,7
2022-08-26,19171.703122594186,17195.071428571428,16820929,898,7
2022-08-27,16984.744983308807,15284.07142857143,14864802,897,7
2022-08-28,15295.940407799415,13593.142857142857,13363683,896,7
2022-08-29,17951.954945459485,16026.214285714286,15798923,899,7
2022-08-30,18505.640308529204,16611.85714285714,16295399,900,7
2022-08-31,15454.409518867062,14321.714285714286,14951013,901,7
