date,maxtp,mintp,rain,wdsp,hm,hg,sun,g_rad,pe,evap
2021-05-01,11.3,-1.9,0.0,4.8,7,12,7.6,1622,2.0,2.8
2021-05-02,12.9,2.0,0.0,5.4,12,16,7.5,1888,2.5,3.5
2021-05-03,12.5,5.1,10.2,13.6,27,38,2.4,1024,1.7,2.6
2021-05-04,10.1,2.6,1.3,18.5,27,36,8.0,1823,2.2,4.0
2021-05-05,10.6,0.3,2.7,8.7,16,25,6.4,1588,1.9,2.9
2021-05-06,12.0,-1.7,0.1,9.9,18,26,12.1,2489,2.8,4.4
2021-05-07,11.1,0.6,0.0,8.5,15,21,11.3,2394,2.7,4.1
2021-05-08,17.7,5.4,20.4,11.7,20,27,6.0,1872,2.8,4.3
2021-05-09,14.4,9.1,0.0,12.5,22,34,4.1,1289,2.5,3.6
2021-05-10,15.3,8.0,3.6,10.8,19,27,2.6,1312,2.4,3.5
2021-05-11,14.1,2.6,0.0,9.9,15,23,13.0,2716,2.9,4.7
2021-05-12,12.3,0.3,1.4,4.8,9,16,3.2,1620,1.9,2.8
2021-05-13,14.2,1.9,0.0,4.6,8,11,9.1,2068,2.5,3.5
2021-05-14,14.2,2.6,0.0,6.5,12,18,5.3,1872,2.3,3.4
2021-05-15,11.9,6.3,3.8,7.1,13,19,0.7,1009,1.5,2.2
2021-05-16,14.2,2.9,0.1,5.7,10,17,8.2,2334,2.6,3.9
2021-05-17,14.8,4.5,0.7,8.2,15,19,6.9,1769,2.5,3.6
2021-05-18,14.0,6.0,2.7,5.9,13,19,8.1,1822,2.4,3.5
2021-05-19,16.5,4.7,0.1,7.0,13,18,10.4,2371,3.3,4.7
2021-05-20,13.7,7.8,10.0,13.1,27,43,0.2,551,1.5,2.1
2021-05-21,11.2,7.6,6.2,14.8,20,26,0.0,560,1.1,1.8
2021-05-22,12.6,3.1,0.2,9.6,16,22,7.0,1900,2.5,3.8
2021-05-23,12.9,4.0,4.0,8.0,18,25,2.3,1324,2.1,3.0
2021-05-24,14.5,1.3,0.3,11.1,20,28,11.1,2518,3.0,4.8
2021-05-25,14.5,5.2,5.1,9.0,16,22,5.7,1550,2.3,3.4
2021-05-26,16.1,4.7,0.0,6.1,10,13,7.8,2034,2.8,4.0
2021-05-27,15.9,7.6,3.2,7.1,13,21,7.7,1900,2.9,4.1
2021-05-28,13.0,10.4,7.4,6.8,11,17,0.0,812,1.3,1.9
2021-05-29,17.1,8.3,0.0,4.8,11,14,10.4,2399,3.2,4.5
2021-05-30,20.4,5.6,0.0,5.7,13,18,15.2,2868,3.9,5.5
2021-05-31,19.7,5.7,0.0,7.4,15,23,13.9,2888,3.9,5.7
2021-06-01,19.6,9.8,0.0,6.5,12,15,11.9,2603,3.7,5.3
2021-06-02,17.9,9.7,0.0,6.4,11,15,3.4,1314,2.2,3.1
2021-06-03,19.1,9.5,0.0,9.0,15,24,11.3,2629,3.8,5.6
2021-06-04,18.9,9.1,0.0,7.5,13,19,7.3,1948,3.4,4.7
2021-06-05,18.1,7.9,0.0,7.0,12,18,3.0,1578,2.5,3.5
2021-06-06,17.2,7.1,0.0,5.2,11,14,6.6,1921,2.9,4.0
2021-06-07,19.0,7.9,0.0,5.3,11,18,8.0,2242,3.5,4.8
2021-06-08,19.2,11.6,0.0,8.5,14,25,1.7,1638,2.9,4.1
2021-06-09,21.3,13.6,0.0,8.0,14,24,3.6,1549,2.8,3.9
2021-06-10,21.6,13.9,0.0,10.3,18,27,5.4,1923,3.3,4.7
2021-06-11,18.4,11.0,0.0,11.2,20,28,4.8,1858,2.9,4.4
2021-06-12,20.0,10.1,0.0,6.5,11,15,1.4,1740,3.0,4.0
2021-06-13,23.7,12.5,0.0,5.0,12,21,0.7,1361,2.8,3.6
2021-06-14,17.8,9.2,0.2,10.5,18,25,4.1,1981,2.8,4.3
2021-06-15,22.8,5.7,0.0,7.3,15,25,8.1,2386,3.8,5.3
2021-06-16,18.1,9.6,0.6,7.2,13,20,1.3,1264,2.3,3.1
2021-06-17,18.2,7.9,0.0,8.2,14,21,7.5,2246,3.5,5.0
2021-06-18,16.0,4.0,0.0,6.5,11,16,8.4,2191,3.0,4.3
2021-06-19,16.8,2.9,0.0,6.2,14,20,7.9,2557,3.2,4.7
2021-06-20,16.4,9.3,0.0,8.4,14,23,11.8,2795,3.4,5.3
2021-06-21,18.0,6.3,0.0,11.5,16,23,9.6,2586,3.8,5.8
2021-06-22,18.0,5.4,0.2,7.6,15,20,10.6,2703,3.7,5.4
2021-06-23,18.6,9.6,8.1,6.1,10,14,0.0,767,1.5,2.0
2021-06-24,18.6,11.1,2.6,10.8,19,29,3.1,1550,2.3,3.5
2021-06-25,13.8,9.1,0.9,11.0,17,26,0.1,661,1.7,2.3
2021-06-26,14.7,8.8,0.0,10.2,15,24,2.3,1328,2.1,3.1
2021-06-27,18.2,6.6,0.0,8.5,13,21,9.1,2549,3.3,5.0
2021-06-28,19.8,6.5,0.0,5.0,9,15,4.2,1966,3.0,4.1
2021-06-29,22.7,7.0,0.0,5.7,9,14,14.9,2730,4.2,5.7
2021-06-30,19.4,7.6,0.0,6.2,10,14,8.1,2388,3.4,4.8
2021-07-01,19.6,6.1,0.0,4.7,10,13,6.5,2110,3.0,4.1
2021-07-02,19.5,10.6,0.0,6.1,11,18,3.1,1731,2.8,3.9
2021-07-03,18.8,12.4,0.7,6.4,11,18,0.7,1091,2.0,2.7
2021-07-04,19.9,12.5,9.9,6.2,14,20,3.4,1599,2.7,3.7
2021-07-05,19.0,10.5,0.5,7.5,12,19,7.1,2117,3.4,4.8
2021-07-06,16.6,8.8,14.5,6.2,11,16,0.8,832,1.5,2.0
2021-07-07,20.3,11.9,0.0,6.6,13,16,2.8,1518,2.7,3.7
2021-07-08,19.6,12.1,0.0,5.5,9,13,1.8,1542,2.7,3.6
2021-07-09,17.4,13.9,0.1,4.8,10,14,0.1,773,1.8,2.3
2021-07-10,19.4,9.9,0.0,6.1,10,15,5.2,1967,3.0,4.2
2021-07-11,16.4,13.1,5.7,7.9,13,19,0.9,903,1.6,2.3
2021-07-12,20.1,13.4,3.7,4.9,8,11,1.4,1027,2.0,2.7
2021-07-13,19.1,10.7,0.1,7.2,12,18,0.8,1167,2.1,2.9
2021-07-14,22.3,10.3,0.0,8.8,13,21,6.6,2288,3.4,4.9
2021-07-15,24.1,13.1,0.0,7.3,16,19,5.9,2160,3.7,5.0
2021-07-16,24.7,12.2,0.0,4.5,9,13,13.0,2649,4.3,5.7
2021-07-17,26.8,12.6,0.0,3.9,9,13,15.1,2763,4.6,6.1
2021-07-18,23.9,12.9,0.0,6.2,10,14,14.7,2786,4.2,5.9
2021-07-19,23.4,13.7,0.0,6.5,11,14,13.5,2706,4.1,5.7
2021-07-20,23.6,12.4,0.0,5.6,9,14,14.7,2695,4.1,5.6
2021-07-21,26.0,10.5,0.0,4.8,10,13,14.5,2762,4.4,5.9
2021-07-22,26.1,10.3,0.0,5.5,11,16,13.8,2475,4.1,5.5
2021-07-23,23.6,13.2,0.0,8.1,14,19,10.1,2275,3.3,4.8
2021-07-24,19.5,9.3,0.0,9.8,16,22,9.5,2344,2.9,4.6
2021-07-25,24.5,8.5,0.0,4.0,8,14,11.8,2501,3.9,5.2
2021-07-26,19.8,10.1,0.0,7.1,12,17,2.5,1056,2.0,2.7
2021-07-27,20.0,13.2,5.0,7.0,15,21,0.9,919,2.0,2.6
2021-07-28,16.7,10.7,5.1,11.0,25,36,3.8,1371,2.3,3.3
2021-07-29,17.7,10.2,0.0,9.6,17,26,5.1,1634,2.7,3.9
2021-07-30,18.2,12.6,26.9,8.0,15,21,0.4,912,1.8,2.4
2021-07-31,18.4,12.5,0.7,6.7,11,17,0.3,959,1.8,2.5
2021-08-01,18.5,10.7,0.0,6.1,11,17,2.1,1529,2.7,3.7
2021-08-02,16.5,7.4,0.0,5.8,11,15,2.0,1143,1.8,2.5
2021-08-03,17.8,10.0,0.8,3.5,7,10,2.5,997,1.8,2.3
2021-08-04,21.8,8.8,0.3,6.0,13,20,4.4,1684,2.8,3.8
2021-08-05,18.9,13.3,25.8,7.8,18,28,0.6,734,1.6,2.1
2021-08-06,17.9,13.6,1.6,11.3,18,32,2.0,1314,2.1,3.2
2021-08-07,16.9,13.7,9.1,12.5,19,31,1.4,1078,1.7,2.6
2021-08-08,19.1,11.9,0.4,12.8,22,31,5.2,1370,2.6,3.8
2021-08-09,18.6,11.0,3.8,8.3,13,20,2.7,1297,2.1,3.0
2021-08-10,19.1,12.3,0.0,5.9,10,15,2.4,1218,2.3,3.0
2021-08-11,19.5,8.7,1.5,7.7,15,28,4.3,1184,2.1,2.9
2021-08-12,19.4,9.9,3.4,9.3,20,32,5.7,1350,2.6,3.5
2021-08-13,19.4,12.0,0.0,10.0,15,29,5.1,1544,3.0,4.1
2021-08-14,15.2,12.3,2.2,5.6,11,18,0.0,639,1.2,1.7
2021-08-15,18.1,11.5,0.1,7.0,17,23,1.9,1012,1.9,2.5
2021-08-16,16.4,12.0,0.1,13.2,20,29,0.8,1017,2.0,2.9
2021-08-17,18.3,12.2,0.1,14.8,23,31,0.6,1200,2.1,3.2
2021-08-18,17.2,11.7,0.0,9.0,13,18,0.2,818,1.7,2.4
2021-08-19,19.2,10.2,0.4,4.5,10,12,1.0,1033,1.7,2.3
2021-08-20,20.5,12.9,3.9,6.1,12,18,0.5,782,1.5,2.0
2021-08-21,18.6,12.8,10.1,5.7,10,14,1.5,833,1.5,2.0
2021-08-22,19.2,12.2,0.2,5.5,11,15,1.8,888,1.6,2.2
2021-08-23,20.4,9.3,0.0,4.4,9,12,11.9,2082,2.7,3.7
2021-08-24,20.2,9.9,0.3,5.2,11,16,9.7,1925,2.5,3.5
2021-08-25,21.7,8.6,0.0,4.5,10,14,10.2,1970,2.6,3.6
2021-08-26,20.8,9.7,0.0,5.5,10,18,12.4,2012,2.6,3.6
2021-08-27,18.6,7.1,0.0,5.8,10,16,9.5,1916,2.3,3.3
2021-08-28,20.2,7.8,0.0,3.9,7,11,12.2,1974,2.6,3.6
2021-08-29,17.6,7.6,0.0,6.2,11,16,0.5,837,1.4,1.9
2021-08-30,15.0,10.6,0.1,8.9,14,20,0.0,506,1.0,1.4
2021-08-31,14.5,12.4,1.1,10.0,15,24,0.1,789,1.6,2.2
2021-09-01,17.3,8.6,0.0,8.6,13,23,1.4,967,1.5,2.2
2021-09-02,15.6,7.4,0.0,8.2,14,20,0.1,659,1.1,1.6
2021-09-03,16.0,8.7,0.0,7.7,13,17,0.0,626,1.0,1.5
2021-09-04,18.8,11.6,0.0,6.0,10,16,1.5,883,1.6,2.1
2021-09-05,21.7,13.3,0.0,6.5,11,16,5.0,1343,2.3,3.0
2021-09-06,22.9,11.9,0.0,4.2,7,12,11.1,1559,2.3,3.1
2021-09-07,21.1,11.4,0.1,6.0,11,13,9.1,1658,2.1,3.0
2021-09-08,22.5,11.8,0.1,5.2,12,15,1.4,776,1.6,2.0
2021-09-09,20.7,15.0,8.6,4.0,9,14,2.6,1005,1.6,2.1
2021-09-10,20.2,14.7,0.1,6.7,16,19,0.8,638,1.4,1.8
2021-09-11,19.4,11.6,0.0,9.0,15,18,3.7,1099,1.9,2.6
2021-09-12,14.2,7.2,0.5,5.5,9,14,0.0,428,0.9,1.2
2021-09-13,17.1,6.5,1.2,5.8,12,17,0.2,560,1.0,1.3
2021-09-14,19.5,12.3,0.0,5.1,9,12,8.0,1561,2.0,2.8
2021-09-15,18.5,12.1,0.0,4.8,11,14,0.1,513,1.2,1.5
2021-09-16,20.0,10.0,0.0,5.8,11,18,2.1,955,1.6,2.2
2021-09-17,18.2,12.7,6.3,7.1,13,19,0.0,459,1.1,1.5
2021-09-18,17.7,9.9,0.0,5.0,9,12,1.9,976,1.4,1.9
2021-09-19,18.2,10.3,0.1,7.0,13,19,6.2,1212,1.9,2.5
2021-09-20,18.1,9.4,0.0,6.9,13,15,4.8,1113,1.6,2.3
2021-09-21,17.3,11.7,0.0,6.9,12,20,2.1,881,1.3,1.8
2021-09-22,20.2,13.4,0.0,9.3,15,24,7.7,1320,2.2,3.0
2021-09-23,19.0,12.1,0.1,9.8,18,25,6.1,1092,1.7,2.4
2021-09-24,20.3,13.6,0.1,9.7,16,25,1.3,676,1.7,2.1
2021-09-25,22.5,15.2,0.0,5.8,10,16,2.9,975,1.8,2.3
2021-09-26,20.4,11.1,8.4,8.5,18,31,2.7,616,1.6,2.0
2021-09-27,15.6,8.7,10.4,7.5,24,36,6.9,1134,1.6,2.2
2021-09-28,14.7,6.3,0.1,8.0,19,25,5.5,1001,1.6,2.1
2021-09-29,14.3,5.0,1.2,10.6,18,25,7.3,1189,1.6,2.3
2021-09-30,15.9,10.4,4.7,10.2,21,31,0.1,406,1.0,1.3
2021-10-01,13.7,7.9,2.0,11.0,22,32,8.7,1214,1.4,2.1
2021-10-02,13.8,7.5,0.5,8.6,18,24,4.4,907,1.5,2.0
2021-10-03,15.0,7.3,2.4,11.4,19,33,6.1,992,1.6,2.2
2021-10-04,14.0,7.8,3.8,7.2,12,17,4.6,806,1.2,1.6
2021-10-05,14.5,7.1,0.8,14.3,22,31,7.3,1021,1.5,2.2
2021-10-06,17.2,7.1,1.0,7.0,12,21,0.9,415,0.9,1.2
2021-10-07,20.2,15.8,0.6,9.4,17,27,1.5,647,1.5,1.8
2021-10-08,19.4,14.7,6.3,6.8,14,21,2.6,607,1.3,1.6
2021-10-09,17.7,7.4,1.9,6.0,10,16,3.5,636,0.8,1.2
2021-10-10,15.1,6.1,0.2,8.1,14,18,6.3,967,1.1,1.5
2021-10-11,14.5,5.2,0.0,6.1,9,13,7.4,989,0.9,1.4
2021-10-12,14.7,8.6,0.0,8.6,13,18,0.3,494,0.9,1.2
2021-10-13,12.3,10.9,0.0,5.3,10,14,0.0,280,0.8,1.0
2021-10-14,14.4,10.7,0.0,7.8,14,23,0.1,376,1.0,1.3
2021-10-15,13.1,5.5,0.4,4.9,12,16,5.6,807,0.7,1.0
2021-10-16,15.1,6.2,4.6,5.4,11,19,1.9,417,0.7,1.0
2021-10-17,16.8,13.2,0.0,6.9,11,19,0.8,450,0.9,1.2
2021-10-18,19.0,13.8,0.8,7.7,16,25,1.4,528,1.1,1.4
2021-10-19,18.7,10.8,7.7,7.7,15,26,0.7,348,0.9,1.1
2021-10-20,12.3,7.3,5.3,7.9,23,31,4.5,580,0.9,1.2
2021-10-21,11.0,3.6,0.0,11.8,18,23,8.4,858,1.1,1.5
2021-10-22,12.5,6.7,0.2,9.4,16,23,3.5,595,1.1,1.4
2021-10-23,13.5,9.4,0.1,11.8,20,30,0.2,284,1.3,1.5
2021-10-24,16.1,9.7,0.3,10.3,17,26,6.9,769,1.1,1.4
2021-10-25,13.4,8.2,0.0,7.7,12,20,6.0,716,1.0,1.3
2021-10-26,17.0,9.7,0.7,13.5,19,33,0.5,333,1.5,1.7
2021-10-27,16.8,14.4,9.8,12.0,16,29,0.0,166,1.0,1.2
2021-10-28,15.2,10.1,10.7,4.5,12,18,0.9,263,0.5,0.6
2021-10-29,12.9,8.5,7.4,6.3,11,16,4.8,585,0.6,0.9
2021-10-30,11.6,5.7,0.1,6.7,14,22,7.9,717,0.6,0.8
2021-10-31,11.9,7.3,12.2,9.9,22,35,4.2,479,0.6,0.8
2021-11-01,10.2,4.7,1.2,12.9,22,35,2.1,366,0.8,1.0
2021-11-02,10.1,3.7,0.0,9.0,13,17,4.8,556,0.5,0.7
2021-11-03,10.0,3.4,0.0,11.7,19,26,7.6,687,0.6,0.8
2021-11-04,9.6,3.2,0.0,10.5,15,21,5.8,589,0.6,0.8
2021-11-05,11.0,6.6,0.0,7.5,15,19,0.2,328,0.6,0.8
2021-11-06,13.9,7.7,0.1,12.6,24,34,0.5,311,0.7,0.9
2021-11-07,11.0,4.4,0.0,10.5,21,31,6.7,533,0.7,0.8
2021-11-08,16.4,6.1,2.3,7.3,13,25,2.2,326,0.7,0.9
2021-11-09,14.0,9.6,0.1,8.6,15,22,2.0,274,0.6,0.8
2021-11-10,11.6,6.9,0.0,3.9,10,13,3.0,443,0.3,0.5
2021-11-11,14.3,3.7,1.1,9.1,19,29,0.1,219,0.6,0.8
2021-11-12,13.2,10.0,0.7,15.0,23,32,0.5,232,0.9,1.1
2021-11-13,12.3,9.6,0.0,6.1,17,23,0.1,214,0.4,0.5
2021-11-14,14.5,6.2,0.0,2.6,5,11,0.6,217,0.3,0.4
2021-11-15,12.4,5.9,0.7,5.5,15,19,1.7,279,0.2,0.3
2021-11-16,10.9,7.4,0.0,8.0,16,25,0.3,176,0.5,0.7
2021-11-17,10.9,6.8,0.0,9.1,15,22,0.2,260,0.6,0.7
2021-11-18,13.3,10.4,0.0,9.5,14,25,0.3,209,0.6,0.7
2021-11-19,12.3,8.9,0.0,6.5,11,18,2.9,353,0.5,0.6
2021-11-20,11.8,2.9,0.6,8.3,14,22,2.9,314,0.2,0.3
2021-11-21,7.6,0.8,0.0,11.0,18,24,7.2,468,0.4,0.5
2021-11-22,8.0,-1.2,0.0,6.1,9,13,7.4,442,0.2,0.2
2021-11-23,7.0,-0.1,0.0,5.9,10,13,0.0,123,0.4,0.5
2021-11-24,7.3,1.0,0.3,8.1,17,21,0.2,192,0.3,0.4
2021-11-25,6.1,0.7,0.0,10.7,16,24,2.6,345,0.4,0.4
2021-11-26,8.0,1.6,0.3,19.2,28,38,3.5,308,0.5,0.6
2021-11-27,4.8,0.2,0.0,16.6,26,39,4.6,353,0.8,1.0
2021-11-28,4.8,0.3,0.0,8.6,15,21,0.1,170,0.2,0.3
2021-11-29,9.1,1.4,0.0,8.8,17,26,0.1,167,0.3,0.4
2021-11-30,10.7,7.9,4.3,14.4,25,35,0.1,122,0.5,0.7
2021-12-01,8.0,1.1,0.5,16.4,26,38,2.8,241,0.4,0.5
2021-12-02,8.0,0.9,8.2,8.5,13,25,2.6,291,0.1,0.1
2021-12-03,9.0,5.8,1.3,8.0,23,33,0.0,87,0.4,0.5
2021-12-04,6.0,1.6,0.1,16.6,23,33,6.1,332,0.4,0.4
2021-12-05,6.4,-0.3,0.0,8.7,18,21,6.4,348,0.1,0.1
2021-12-06,7.3,1.9,2.4,10.5,17,28,4.8,281,0.2,0.2
2021-12-07,8.6,1.8,10.8,16.8,29,48,2.1,242,0.4,0.5
2021-12-08,5.7,1.9,8.5,24.4,35,50,0.1,112,0.8,1.2
2021-12-09,9.3,2.5,0.2,10.6,21,28,0.1,154,0.4,0.5
2021-12-10,5.9,1.1,0.0,11.8,17,25,6.3,313,0.3,0.3
2021-12-11,12.7,5.1,1.8,6.5,13,22,0.0,92,0.4,0.5
2021-12-12,13.6,7.6,0.5,10.8,23,39,0.4,168,0.7,0.8
2021-12-13,7.9,0.4,0.0,4.0,11,17,0.0,110,0.3,0.4
2021-12-14,9.0,-1.4,0.0,7.5,12,21,6.5,328,0.1,0.1
2021-12-15,11.2,7.3,0.0,8.5,14,24,6.2,308,0.3,0.3
2021-12-16,11.6,5.4,0.0,3.8,8,12,1.8,188,0.3,0.4
2021-12-17,9.3,5.7,0.0,7.0,10,19,0.0,70,0.6,0.7
2021-12-18,8.5,3.7,0.0,5.3,8,12,0.7,148,0.2,0.3
2021-12-19,7.5,3.3,0.0,6.0,9,15,0.0,98,0.2,0.3
2021-12-20,7.2,5.7,0.0,7.1,13,18,0.0,70,0.5,0.7
2021-12-21,6.6,4.8,0.0,9.3,17,25,0.0,58,0.8,1.0
2021-12-22,10.3,5.2,6.6,12.8,21,29,0.0,50,0.6,0.8
2021-12-23,13.0,4.3,0.0,7.4,13,22,2.6,225,0.2,0.2
2021-12-24,9.9,1.7,2.2,7.2,15,22,0.0,60,0.3,0.4
2021-12-25,8.9,6.3,20.1,14.2,20,32,0.0,20,0.3,0.5
2021-12-26,9.9,1.5,0.9,4.6,9,16,2.2,211,0.0,0.1
2021-12-27,9.1,0.1,0.1,6.5,12,17,0.0,115,0.2,0.3
2021-12-28,8.0,3.5,10.2,6.9,14,18,2.5,231,0.0,0.0
2021-12-29,13.8,5.5,2.9,11.5,24,41,3.1,232,0.4,0.5
2021-12-30,13.5,11.3,8.2,7.6,14,26,0.0,65,0.4,0.6
2021-12-31,14.1,10.9,0.3,11.2,21,30,1.8,189,0.6,0.6
2022-01-01,14.8,9.7,0.0,14.8,24,40,5.3,288,0.9,0.9
2022-01-02,10.8,8.1,0.1,11.7,18,32,3.1,245,0.8,0.9
2022-01-03,9.8,2.1,1.8,12.3,20,30,4.0,256,0.7,0.8
2022-01-04,3.8,-0.3,0.0,12.0,17,23,5.7,307,0.4,0.4
2022-01-05,5.3,-0.8,0.0,8.4,14,19,4.6,321,0.4,0.5
2022-01-06,9.0,-0.1,3.5,11.2,18,31,1.3,139,0.6,0.8
2022-01-07,6.8,0.3,2.7,9.2,14,24,1.4,150,0.3,0.5
2022-01-08,9.5,2.1,2.3,12.6,19,30,2.4,226,0.3,0.3
2022-01-09,7.4,1.6,0.2,9.1,13,24,1.9,242,0.3,0.4
2022-01-10,12.1,6.2,0.7,6.5,14,20,0.1,204,0.3,0.4
2022-01-11,8.3,4.3,0.0,5.5,9,14,5.3,316,0.2,0.3
2022-01-12,10.1,4.0,0.0,5.5,9,15,7.1,396,0.2,0.3
2022-01-13,6.2,2.0,0.0,4.7,11,18,2.0,231,0.3,0.4
2022-01-14,7.4,-1.2,0.0,3.0,8,10,2.5,257,0.1,0.3
2022-01-15,7.9,-2.0,0.2,3.8,7,11,0.0,108,0.3,0.4
2022-01-16,7.4,0.1,0.0,8.0,13,18,4.3,346,0.2,0.2
2022-01-17,7.6,-3.1,0.0,4.0,7,10,7.4,426,0.1,0.2
2022-01-18,9.4,-4.0,0.0,6.2,13,21,1.0,237,0.2,0.3
2022-01-19,9.6,2.6,0.4,11.1,21,34,4.9,392,0.2,0.3
2022-01-20,6.3,0.6,0.0,6.7,13,15,0.9,260,0.3,0.4
2022-01-21,6.4,4.3,0.0,6.6,12,17,0.0,157,0.6,0.8
2022-01-22,7.4,4.6,0.0,5.2,11,15,0.5,190,0.4,0.5
2022-01-23,7.2,5.1,0.0,6.2,11,19,0.1,171,0.7,0.9
2022-01-24,8.7,0.3,0.0,5.1,10,14,5.3,411,0.3,0.4
2022-01-25,7.5,3.2,0.0,4.0,9,12,0.0,123,0.5,0.7
2022-01-26,10.1,4.7,0.2,9.0,15,27,5.1,454,0.3,0.4
2022-01-27,10.3,3.4,1.0,9.5,15,21,3.5,386,0.2,0.3
2022-01-28,12.0,3.3,0.0,9.6,20,31,0.5,334,0.5,0.6
2022-01-29,11.7,1.4,0.4,15.8,31,40,2.5,406,0.3,0.5
2022-01-30,8.8,1.6,0.9,11.4,30,40,1.0,282,0.4,0.6
2022-01-31,9.0,3.9,0.0,14.3,22,34,3.0,348,0.7,1.0
2022-02-01,10.8,8.5,0.3,18.5,25,34,0.1,252,0.7,0.9
2022-02-02,10.3,7.6,0.0,8.7,18,28,0.0,179,0.5,0.7
2022-02-03,11.4,4.5,3.5,10.7,29,36,4.3,448,0.7,0.8
2022-02-04,6.6,1.6,1.0,11.8,24,33,5.9,550,0.5,0.7
2022-02-05,9.5,2.4,4.5,14.0,20,35,0.0,215,0.6,0.9
2022-02-06,9.2,3.6,3.4,16.8,31,43,3.9,489,0.7,1.0
2022-02-07,11.4,3.1,0.0,9.4,16,28,0.8,312,0.6,0.8
2022-02-08,11.3,7.9,5.0,9.8,16,28,0.0,233,0.5,0.7
2022-02-09,7.9,2.7,0.1,8.7,17,26,3.2,506,0.4,0.6
2022-02-10,7.0,0.9,0.0,11.9,23,29,6.9,672,0.8,1.1
2022-02-11,8.4,0.6,0.2,10.9,21,34,2.6,491,0.8,1.1
2022-02-12,11.2,7.1,0.5,12.6,20,35,2.4,398,0.9,1.2
2022-02-13,9.0,4.3,12.1,10.0,18,27,0.1,306,0.4,0.6
2022-02-14,8.3,3.3,0.5,14.3,26,34,5.0,628,0.9,1.3
2022-02-15,10.9,5.8,6.3,11.8,21,35,0.0,311,0.7,1.0
2022-02-16,13.5,6.3,2.4,18.0,29,47,0.8,340,0.9,1.3
2022-02-17,7.2,3.1,5.2,10.2,18,29,1.4,463,0.8,1.0
2022-02-18,7.6,0.5,5.0,17.5,39,54,2.5,479,0.6,1.0
2022-02-19,10.4,1.0,12.9,10.4,22,33,0.6,423,0.6,0.9
2022-02-20,11.4,1.0,16.0,17.7,35,52,0.2,150,0.6,1.0
2022-02-21,9.8,2.6,0.4,19.1,36,50,2.7,575,1.0,1.6
2022-02-22,10.8,5.7,3.4,14.7,30,41,7.8,902,1.1,1.6
2022-02-23,11.9,3.3,1.6,14.6,24,37,5.7,795,1.4,1.9
2022-02-24,6.4,0.3,0.8,12.2,24,38,6.8,892,0.9,1.4
2022-02-25,10.6,2.1,0.0,9.7,15,25,6.0,839,1.1,1.5
2022-02-26,11.0,7.6,0.0,16.8,27,40,0.4,402,1.9,2.5
2022-02-27,9.2,6.7,0.3,13.9,24,32,1.5,400,1.1,1.5
2022-02-28,9.6,-1.1,3.1,7.3,17,25,1.0,330,0.4,0.7
2022-03-01,8.2,-4.4,0.0,8.4,18,25,9.8,1142,0.7,1.2
2022-03-02,8.8,5.7,5.6,11.5,18,28,0.0,83,0.6,0.8
2022-03-03,9.8,3.4,0.0,7.2,12,18,6.6,988,0.9,1.3
2022-03-04,8.5,-1.7,0.0,9.9,13,20,9.4,1186,1.0,1.6
2022-03-05,8.0,-3.1,0.0,8.0,14,21,10.0,1215,1.0,1.6
2022-03-06,8.2,-3.9,0.0,6.7,13,18,8.7,1066,1.0,1.5
2022-03-07,6.4,0.7,0.0,11.2,18,33,2.1,788,1.1,1.7
2022-03-08,12.0,4.4,0.6,16.5,25,39,1.6,511,2.0,2.7
2022-03-09,9.7,3.6,15.5,13.5,24,37,0.1,305,0.6,0.9
2022-03-10,10.9,3.2,0.9,9.5,19,28,6.8,1170,1.5,2.1
2022-03-11,11.9,6.4,4.3,10.7,18,29,1.7,422,1.1,1.4
2022-03-12,9.8,4.9,8.5,10.9,23,39,3.3,747,1.3,1.8
2022-03-13,11.9,5.3,6.6,14.6,28,44,4.9,955,1.7,2.4
2022-03-14,11.2,1.4,2.2,8.4,14,25,4.0,842,1.1,1.6
2022-03-15,11.4,0.2,0.0,6.5,13,20,2.4,821,1.2,1.7
2022-03-16,9.5,3.6,0.3,8.0,13,19,5.9,1125,1.3,1.9
2022-03-17,14.2,1.6,0.1,9.0,20,30,6.0,1048,1.7,2.3
2022-03-18,12.6,-1.4,0.0,7.0,14,20,11.2,1547,1.4,2.1
2022-03-19,13.9,4.1,0.0,13.2,22,32,10.9,1589,2.3,3.3
2022-03-20,9.7,5.3,0.0,10.0,16,24,8.8,1392,1.7,2.5
2022-03-21,11.9,5.8,0.0,9.0,13,20,5.4,1159,1.7,2.3
2022-03-22,15.3,3.4,0.0,8.5,14,21,10.7,1435,1.7,2.5
2022-03-23,15.5,0.8,0.0,5.7,10,15,9.7,1464,1.7,2.5
2022-03-24,17.6,3.1,0.0,3.5,8,11,7.5,1288,1.8,2.4
2022-03-25,16.1,1.2,0.0,4.5,9,11,8.3,1462,1.6,2.3
2022-03-26,15.5,-1.3,0.0,4.6,10,14,11.3,1649,1.7,2.4
2022-03-27,13.5,0.7,0.0,5.5,10,14,11.6,1730,1.6,2.4
2022-03-28,15.0,-0.3,0.0,4.0,9,15,11.7,1728,1.7,2.4
2022-03-29,12.6,3.3,0.0,4.3,8,13,5.1,1028,1.2,1.7
2022-03-30,7.8,1.3,0.8,10.2,19,27,0.2,660,0.9,1.4
2022-03-31,7.9,-1.4,0.0,11.8,19,27,7.4,1526,1.9,3.0
2022-04-01,8.5,-2.5,1.6,9.7,14,20,6.6,1379,1.3,2.2
2022-04-02,9.3,-2.9,0.4,8.0,15,19,5.7,1368,1.4,2.1
2022-04-03,12.5,-3.7,1.0,9.5,18,29,8.4,1699,1.6,2.5
2022-04-04,13.3,8.7,0.1,19.3,27,35,0.3,863,1.3,2.2
2022-04-05,12.8,8.4,2.1,14.4,22,33,0.5,946,1.7,2.6
2022-04-06,11.9,6.1,2.4,15.5,25,43,5.3,1405,2.1,3.3
2022-04-07,10.7,1.1,0.1,18.8,30,42,7.4,1579,2.1,3.6
2022-04-08,9.6,-1.9,0.2,10.0,18,27,8.9,1505,1.7,2.7
2022-04-09,10.5,-1.1,0.0,7.6,13,17,7.8,1625,1.9,2.8
2022-04-10,9.7,-2.6,0.1,10.6,20,29,0.1,811,1.2,1.8
2022-04-11,11.7,7.7,1.7,11.5,19,30,1.8,764,1.8,2.5
2022-04-12,9.7,4.7,6.5,5.9,13,21,0.0,241,0.5,0.7
2022-04-13,16.4,4.8,0.0,5.3,10,15,2.4,1174,1.8,2.5
2022-04-14,14.1,3.2,0.0,5.3,11,16,0.1,876,1.4,1.9
2022-04-15,17.3,6.7,0.0,6.5,11,17,4.6,1297,2.0,2.8
2022-04-16,16.1,5.1,0.0,5.6,14,20,3.8,1467,2.1,2.9
2022-04-17,12.7,7.5,2.9,7.1,14,22,0.3,509,1.0,1.4
2022-04-18,11.7,3.4,1.5,6.0,12,17,5.0,1279,1.7,2.5
2022-04-19,12.0,-0.5,0.0,5.6,10,15,11.9,2222,2.2,3.3
2022-04-20,14.3,-2.4,0.0,5.2,13,17,13.3,2325,2.4,3.5
2022-04-21,14.0,1.1,0.0,11.6,18,27,9.4,2073,2.2,3.6
2022-04-22,14.6,7.4,0.0,14.0,20,29,5.6,1478,2.6,3.9
2022-04-23,14.0,6.5,0.0,15.0,21,33,6.2,1454,2.3,3.6
2022-04-24,13.3,5.9,0.0,13.8,20,29,13.7,2388,2.7,4.5
2022-04-25,11.6,3.3,0.0,8.0,13,19,6.3,1726,2.1,3.1
2022-04-26,12.9,0.9,0.0,7.1,12,21,7.3,1885,2.0,3.1
2022-04-27,12.0,-0.4,0.0,7.5,13,19,9.5,1942,1.8,2.9
2022-04-28,12.0,-0.4,0.0,5.4,11,15,6.7,1773,1.9,2.8
2022-04-29,12.7,-1.0,0.0,5.4,10,15,9.5,1977,2.2,3.2
2022-04-30,12.2,6.9,7.5,5.1,10,17,0.0,617,1.1,1.5
2022-05-01,12.8,6.9,6.4,6.3,13,19,0.1,610,1.1,1.5
2022-05-02,15.0,7.3,0.1,3.0,8,11,0.1,801,1.3,1.8
2022-05-03,16.3,8.8,0.0,4.6,14,20,1.7,1095,1.8,2.5
2022-05-04,16.8,6.7,0.0,10.0,18,25,8.0,2029,2.7,4.1
2022-05-05,16.6,8.3,0.0,5.6,9,13,0.6,1052,1.8,2.5
2022-05-06,15.1,7.9,9.6,7.2,11,22,0.7,795,1.2,1.7
2022-05-07,14.8,3.8,0.1,5.0,9,13,5.9,1896,2.2,3.2
2022-05-08,19.9,3.4,0.0,6.9,13,20,13.4,2554,3.4,4.9
2022-05-09,15.0,10.0,1.7,11.2,19,33,0.1,574,1.6,2.2
2022-05-10,16.8,9.3,0.1,11.2,22,33,7.8,2285,3.5,5.1
2022-05-11,16.3,8.8,0.2,11.0,21,29,7.3,2021,3.1,4.6
2022-05-12,14.7,6.0,0.7,8.8,16,25,3.3,1414,2.2,3.2
2022-05-13,18.1,10.1,0.0,11.8,19,29,7.6,1857,3.6,5.0
2022-05-14,16.2,8.8,0.0,6.3,11,17,12.4,2611,3.4,4.8
2022-05-15,16.4,8.7,1.6,7.0,12,19,3.1,1674,2.3,3.4
2022-05-16,19.4,11.6,5.7,8.8,15,23,4.6,1607,2.9,4.0
2022-05-17,15.4,9.3,11.4,8.2,14,20,0.8,588,1.3,1.8
2022-05-18,16.3,9.9,1.5,12.6,23,32,3.4,1441,2.6,3.9
2022-05-19,17.6,6.9,0.0,9.8,17,26,13.4,2388,3.4,5.1
2022-05-20,16.3,10.0,0.5,10.8,21,30,6.4,1721,2.8,4.1
2022-05-21,17.6,10.0,0.1,8.2,14,21,1.2,1398,1.8,2.2
2022-05-22,17.6,9.7,1.3,8.8,15,24,2.0,1272,2.5,3.4
2022-05-23,15.7,8.4,1.3,9.1,19,26,5.7,1946,2.8,4.2
2022-05-24,16.6,7.8,0.0,11.0,18,25,5.4,2032,3.2,4.7
2022-05-25,17.6,9.8,0.7,13.2,22,31,6.7,2156,3.3,5.0
2022-05-26,17.6,7.9,2.0,13.0,21,31,5.5,1993,2.9,4.5
2022-05-27,16.8,5.0,0.0,10.6,19,26,14.4,2944,3.8,5.9
2022-05-28,16.8,2.4,0.0,5.2,9,15,10.0,2218,3.0,4.2
2022-05-29,13.8,2.3,0.0,8.2,17,26,9.1,2289,2.4,3.9
2022-05-30,13.5,4.9,0.8,9.7,18,26,0.4,1202,1.9,2.9
2022-05-31,15.4,3.4,2.6,10.0,21,27,5.8,1749,2.4,3.7
2022-06-01,16.2,3.2,1.3,6.2,10,15,12.9,2636,3.3,4.8
2022-06-02,15.6,2.3,5.4,5.1,13,17,4.0,1353,2.0,2.8
2022-06-03,15.4,9.4,0.7,9.1,15,26,6.1,1793,2.4,3.7
2022-06-04,14.8,10.9,0.0,14.6,21,29,6.9,2272,3.1,5.1
2022-06-05,11.5,10.2,3.8,10.5,15,20,0.0,466,1.0,1.5
2022-06-06,15.6,5.1,0.0,6.6,11,15,8.8,2469,2.9,4.4
2022-06-07,16.3,3.2,0.4,6.8,12,20,9.7,2433,2.7,4.1
2022-06-08,18.3,11.3,1.3,11.5,23,32,10.1,2454,3.7,5.5
2022-06-09,20.3,10.8,4.9,8.3,17,25,4.6,1496,2.7,3.8
2022-06-10,18.5,11.8,4.6,11.0,19,32,9.7,2013,3.1,4.7
2022-06-11,18.2,11.3,0.8,11.2,18,29,6.2,1946,3.4,4.9
2022-06-12,16.2,10.2,0.3,12.0,23,30,4.7,1725,2.9,4.4
2022-06-13,15.7,10.2,0.0,7.5,13,17,0.2,1235,2.4,3.3
2022-06-14,17.3,10.3,0.0,5.7,11,17,1.6,1621,3.0,4.0
2022-06-15,19.4,9.0,0.0,5.2,11,15,10.3,2553,3.8,5.2
2022-06-16,22.6,10.1,0.0,5.6,10,17,3.6,1856,3.5,4.6
2022-06-17,18.9,11.3,0.0,8.7,15,25,0.2,895,2.3,3.0
2022-06-18,16.0,6.5,0.0,9.2,15,22,4.8,1584,2.6,3.8
2022-06-19,17.4,8.1,0.0,12.4,19,26,6.2,1827,3.1,4.6
2022-06-20,20.2,5.6,0.0,5.8,11,15,15.5,2960,4.0,5.7
2022-06-21,18.2,11.3,0.0,5.0,11,15,0.3,1278,2.3,3.1
2022-06-22,19.1,13.8,0.7,3.2,6,9,0.1,994,2.0,2.5
2022-06-23,21.9,13.7,0.0,4.7,9,12,3.9,1691,3.1,4.0
2022-06-24,18.3,11.5,1.3,8.4,15,24,4.2,1341,2.3,3.3
2022-06-25,17.8,9.4,1.1,12.3,18,33,7.7,2232,3.6,5.3
2022-06-26,18.3,10.9,7.7,10.5,17,28,4.2,1839,3.1,4.5
2022-06-27,16.9,8.7,0.4,9.5,14,24,6.7,2017,3.2,4.6
2022-06-28,18.8,12.3,6.8,10.0,18,30,4.5,1592,3.0,4.2
2022-06-29,18.5,11.0,1.5,6.2,11,16,4.5,1697,2.9,4.0
2022-06-30,17.6,11.1,0.6,7.1,14,19,1.3,1310,2.5,3.4
2022-07-01,17.6,11.3,2.5,6.8,12,19,1.5,1326,2.4,3.2
2022-07-02,19.4,10.7,1.1,7.0,15,21,4.3,1686,2.9,4.0
2022-07-03,18.3,10.0,0.2,12.0,17,26,3.6,1943,3.2,4.7
2022-07-04,18.1,11.0,0.4,12.2,17,24,3.8,1654,3.2,4.5
2022-07-05,19.7,11.8,0.1,10.8,15,20,0.5,1073,2.4,3.3
2022-07-06,20.1,14.2,0.0,15.6,23,31,2.1,1615,2.9,4.5
2022-07-07,22.4,13.3,0.0,10.7,18,25,7.7,2093,3.5,5.1
2022-07-08,21.0,10.5,0.0,9.5,14,20,4.1,1998,3.1,4.5
2022-07-09,21.0,15.4,0.0,8.3,13,18,1.6,1437,2.8,3.8
2022-07-10,21.4,10.8,0.0,5.5,11,15,10.9,2626,3.9,5.4
2022-07-11,27.2,8.9,0.0,5.5,13,21,5.9,2041,4.0,5.2
2022-07-12,22.1,10.8,1.0,7.3,14,19,1.2,1103,2.3,3.1
2022-07-13,20.4,10.2,0.0,9.8,14,23,9.2,2311,3.9,5.5
2022-07-14,19.7,10.9,0.0,9.8,14,21,8.2,2015,3.4,4.8
2022-07-15,21.1,11.6,0.0,8.7,15,21,5.6,2033,3.5,4.9
2022-07-16,22.2,10.2,0.2,5.0,10,14,9.9,2434,3.6,5.0
2022-07-17,27.8,14.2,0.0,6.0,12,19,7.4,2233,4.4,5.7
2022-07-18,29.1,12.9,0.0,4.5,10,14,9.4,2256,4.5,5.8
2022-07-19,26.5,14.3,0.4,6.2,14,18,6.0,1784,3.6,4.7
2022-07-20,19.0,12.6,0.0,11.7,17,24,0.9,1357,2.8,3.9
2022-07-21,18.0,10.6,0.0,5.9,9,14,0.2,1246,2.5,3.3
2022-07-22,20.0,10.9,0.0,5.2,11,15,8.5,2156,3.4,4.6
2022-07-23,23.1,14.4,5.1,8.8,17,26,1.1,1029,2.5,3.2
2022-07-24,23.2,14.9,6.2,10.2,18,32,6.8,1763,3.3,4.6
2022-07-25,19.1,12.7,0.2,14.3,21,33,2.2,1473,2.9,4.2
2022-07-26,17.9,9.0,0.0,6.8,11,17,2.0,1457,2.7,3.6
2022-07-27,16.6,6.6,0.0,5.1,9,13,1.1,1338,2.1,2.9
2022-07-28,17.9,10.2,0.0,4.8,11,18,2.2,1638,2.5,3.4
2022-07-29,21.5,10.1,0.2,5.6,11,17,1.2,1195,2.3,3.1
2022-07-30,20.6,15.3,9.1,7.3,12,21,0.1,696,1.5,2.1
2022-07-31,19.4,11.1,2.9,5.3,9,13,2.4,1272,2.1,2.9
2022-08-01,20.7,8.5,1.9,7.5,14,28,4.7,1255,1.9,2.8
2022-08-02,24.5,16.9,0.2,10.0,14,27,6.1,1657,3.5,4.7
2022-08-03,20.4,11.1,0.0,11.5,18,27,6.1,1866,3.1,4.5
2022-08-04,18.3,8.9,0.0,11.6,19,26,8.6,1878,3.3,4.7
2022-08-05,19.1,6.0,0.0,9.2,16,22,5.7,1822,2.9,4.2
2022-08-06,19.7,7.0,0.0,7.6,14,19,6.6,1667,2.8,3.9
2022-08-07,22.2,10.7,0.0,8.0,15,20,12.5,2263,3.7,5.1
2022-08-08,22.5,8.7,0.0,5.0,10,17,13.1,2412,3.6,4.9
2022-08-09,23.7,10.3,0.0,5.2,9,14,14.5,2405,3.8,5.1
2022-08-10,25.7,10.1,0.0,5.2,10,14,14.2,2492,4.3,5.6
2022-08-11,26.3,9.5,0.0,4.6,10,14,14.3,2490,4.2,5.5
2022-08-12,25.3,10.0,0.0,6.5,11,23,13.9,2436,4.0,5.4
2022-08-13,24.3,10.0,0.0,6.5,11,23,12.6,2257,3.6,4.9
2022-08-14,25.3,11.3,0.6,5.3,9,19,6.0,1621,3.0,3.9
2022-08-15,21.2,13.9,26.8,4.9,11,15,1.4,936,1.7,2.3
2022-08-16,18.0,10.7,0.0,11.8,15,21,0.3,906,2.1,2.9
2022-08-17,17.7,9.8,0.1,6.3,11,15,1.7,1078,1.9,2.6
2022-08-18,22.1,13.0,0.4,8.3,19,27,3.5,1101,2.5,3.2
2022-08-19,20.0,11.6,0.0,9.2,18,27,5.7,1509,2.8,3.9
2022-08-20,22.7,11.5,0.7,10.9,18,30,4.1,1387,3.1,4.1
2022-08-21,19.6,9.2,0.0,6.7,11,16,10.8,2216,3.1,4.3
2022-08-22,23.0,13.8,1.2,6.0,14,19,2.5,1154,2.3,3.0
2022-08-23,22.9,15.7,0.5,5.7,12,15,6.2,1696,3.1,4.1
2022-08-24,19.7,12.6,2.1,6.7,16,23,3.8,1302,2.4,3.2
2022-08-25,19.8,10.7,0.0,5.5,12,15,5.9,1467,2.6,3.4
2022-08-26,18.1,7.8,0.0,6.9,14,18,1.4,869,1.6,2.2
2022-08-27,19.9,6.6,0.0,4.1,9,16,11.5,1882,2.6,3.5
2022-08-28,17.8,9.8,0.0,5.2,8,17,0.0,819,1.5,2.0
2022-08-29,21.5,12.0,0.0,8.4,14,19,7.7,1579,2.5,3.5
2022-08-30,19.1,10.5,0.0,8.5,13,19,8.1,1754,2.4,3.4
2022-08-31,18.2,8.4,0.1,8.0,12,20,8.5,1638,2.1,3.1
